,Expected Annual Damage,Dike Investment Costs,RfR Investment Costs,Evacuation Costs,Expected Number of Deaths
0,1018723762.9787296,0,0.0,0.0,0.9302349303010167
1,548630408.958143,0,0.0,0.0,0.7808658625625315
2,5966640393.837572,0,0.0,0.0,5.491964175434816
3,653264424.1951811,0,0.0,0.0,0.6199226919166858
4,1936375430.1272693,0,0.0,0.0,3.833476370971829
5,1756007000.3215213,0,0.0,0.0,1.1558982435487877
6,1134607330.4984322,0,0.0,0.0,1.5578291632647772
7,119007252.06079616,0,0.0,0.0,0.11966257627046914
8,1727098730.9722128,0,0.0,0.0,2.3681894657368785
9,607163258.0664042,0,0.0,0.0,0.4051449007837019
10,1025690184.3472826,0,0.0,0.0,0.7848286904667382
11,2557694521.0116115,0,0.0,0.0,1.987353925764882
12,3256831649.692266,0,0.0,0.0,2.010013653882028
13,3712910430.105397,0,0.0,0.0,2.2189995841849344
14,3432976745.7967296,0,0.0,0.0,1.9728224503251988
15,2017749660.0871112,0,0.0,0.0,3.7186676065564566
16,148555964.74191475,0,0.0,0.0,0.2060683940024409
17,3045002771.167834,0,0.0,0.0,2.016486015980938
18,2870524722.8272433,0,0.0,0.0,1.981992236457571
19,2318972383.9722285,0,0.0,0.0,3.861078681572625
20,3563196331.597409,0,0.0,0.0,2.0047111965458106
21,306320661.89719427,0,0.0,0.0,0.25747028276255896
22,2999603262.3260765,0,0.0,0.0,1.9236834663157194
23,1205220859.2200859,0,0.0,0.0,0.9277432996632193
24,1207672513.6773083,0,0.0,0.0,1.2067211196998158
25,339136837.2298541,0,0.0,0.0,0.3415129389865488
26,3767187946.3267016,0,0.0,0.0,2.6634029457321224
27,3064318280.258926,0,0.0,0.0,1.9763037866125397
28,1215860169.3652794,0,0.0,0.0,0.9441441362805506
29,1485195440.2543557,0,0.0,0.0,2.940550953612472
30,3110146279.398075,0,0.0,0.0,2.428174475757896
31,1932324067.70589,0,0.0,0.0,3.1773465897066746
32,99320196.85242818,0,0.0,0.0,0.1032597080093557
33,3097788380.0190196,0,0.0,0.0,2.020379283253705
34,173858828.77628466,0,0.0,0.0,0.2854721013451723
35,3416263930.5104346,0,0.0,0.0,1.9943876316844416
36,1170607696.2218294,0,0.0,0.0,1.060190026941502
37,2856219245.4368334,0,0.0,0.0,1.977864181442599
38,2069031334.772229,0,0.0,0.0,2.0252434298595228
39,3287852439.9748297,0,0.0,0.0,2.067713862178357
40,1295338052.117645,0,0.0,0.0,1.5739583469871108
41,946876085.5406724,0,0.0,0.0,0.9025100178571834
42,3915510459.9657984,0,0.0,0.0,2.756769100418252
43,1032067354.8727885,0,0.0,0.0,0.8778145521768924
44,494243423.5270238,0,0.0,0.0,1.1566558149346764
45,1378018234.381744,0,0.0,0.0,2.0234702987625397
46,3041767558.922056,0,0.0,0.0,2.009181960685587
47,3732700457.5043373,0,0.0,0.0,1.9760509554099497
48,2351307236.941235,0,0.0,0.0,2.3404828277185112
49,3226446549.8378067,0,0.0,0.0,1.986440470841118
50,2986254291.2936583,0,0.0,0.0,1.963083699698629
51,2342211751.242388,0,0.0,0.0,2.1630310031855027
52,726658966.5534091,0,0.0,0.0,1.07317461772569
53,2280822065.449897,0,0.0,0.0,3.537309082371334
54,3284579003.1997943,0,0.0,0.0,2.007774389519639
55,93554880.67295435,0,0.0,0.0,0.1175037147701149
56,2693091174.610849,0,0.0,0.0,3.578747398889692
57,721885630.5419015,0,0.0,0.0,0.7140270439066561
58,309598966.2644778,0,0.0,0.0,0.35561524219916746
59,3396098518.2181597,0,0.0,0.0,1.9962256154471132
60,2165253529.1932993,0,0.0,0.0,3.8001086797291017
61,397775717.8737809,0,0.0,0.0,0.39284185389625054
62,296513478.7694565,0,0.0,0.0,0.3882731975836004
63,2590772037.496063,0,0.0,0.0,2.0234113958459434
64,386144924.6834,0,0.0,0.0,0.42720179339958897
65,3012163513.628048,0,0.0,0.0,1.9338939060059868
66,218081332.5832138,0,0.0,0.0,0.18910517957456585
67,2077822876.2008457,0,0.0,0.0,2.085442059790537
68,2601956203.5126743,0,0.0,0.0,2.039519726314778
69,419181070.5984145,0,0.0,0.0,0.2846488291850454
70,534323126.7499156,0,0.0,0.0,0.5087069318456492
71,2265165507.2353525,0,0.0,0.0,1.4792266967540693
72,2829757234.964342,0,0.0,0.0,4.177480829735772
73,2353350771.877337,0,0.0,0.0,3.921662819657023
74,1962453675.5672688,0,0.0,0.0,3.8220996322077725
75,1395599991.945023,0,0.0,0.0,1.9794673514704135
76,1411040967.3023217,0,0.0,0.0,1.1658746977297465
77,1001339257.9105557,0,0.0,0.0,1.5251576326559098
78,2306306290.665882,0,0.0,0.0,3.7362414798111763
79,1094362155.3730826,0,0.0,0.0,0.9802437718782423
80,675076730.7990191,0,0.0,0.0,1.326330180783957
81,3017938999.1902475,0,0.0,0.0,2.1536212774168044
82,3037478042.139094,0,0.0,0.0,2.0033711596799795
83,461990643.98024017,0,0.0,0.0,0.49554367228833684
84,1585789262.0056615,0,0.0,0.0,1.1238863443060059
85,673602771.1891,0,0.0,0.0,0.5940534384241557
86,1083954932.0218134,0,0.0,0.0,1.6316960446334154
87,346231331.34946656,0,0.0,0.0,0.3172067978327708
88,4535083840.326624,0,0.0,0.0,5.340775765130939
89,2764844342.499692,0,0.0,0.0,1.7839903647701485
90,2200487716.739929,0,0.0,0.0,2.032348544692746
91,958970938.6573784,0,0.0,0.0,1.6624337945837195
92,2529238432.4588547,0,0.0,0.0,1.9570150191572373
93,2725990919.6998773,0,0.0,0.0,1.9965370948593244
94,395732949.2481479,0,0.0,0.0,0.32957259023769864
95,584308903.1861537,0,0.0,0.0,0.6110885539121961
96,431596401.0710576,0,0.0,0.0,0.3167798371942817
97,3044439639.9663763,0,0.0,0.0,1.9601331972074765
98,260864760.61126557,0,0.0,0.0,0.4083658337828635
99,1627840680.0732002,0,0.0,0.0,2.3330541274331145
100,4308649193.6980095,0,0.0,0.0,5.318308587934689
101,1503547814.1644497,0,0.0,0.0,1.2948120347428447
102,289353654.5714921,0,0.0,0.0,0.3513583587624341
103,93951096.49112281,0,0.0,0.0,0.1124123591340036
104,2113714176.8956635,0,0.0,0.0,3.744792268701757
105,2418991200.459163,0,0.0,0.0,3.75124109584543
106,3230759250.9337516,0,0.0,0.0,1.9897863978918982
107,529167259.5675058,0,0.0,0.0,0.4923964376943354
108,3079254723.62935,0,0.0,0.0,1.9931199348575919
109,4959104846.702689,0,0.0,0.0,3.1426728360130087
110,1006663745.3198004,0,0.0,0.0,0.7272959181308587
111,3076120598.7999396,0,0.0,0.0,1.9859073280957569
112,2233534973.502157,0,0.0,0.0,3.643290405210952
113,775523949.4012765,0,0.0,0.0,0.7754710287162493
114,128311350.45706883,0,0.0,0.0,0.2134996607469693
115,963433169.8694167,0,0.0,0.0,0.8978100767952222
116,1334990339.9845471,0,0.0,0.0,2.540039747369843
117,1729886825.5995526,0,0.0,0.0,1.3593586128229551
118,2421158889.7960744,0,0.0,0.0,3.035184930527543
119,3401732117.254457,0,0.0,0.0,1.9976850384888725
120,137506048.57999068,0,0.0,0.0,0.25062619570501027
121,3452731036.89368,0,0.0,0.0,2.0381230100444365
122,1386041419.9777474,0,0.0,0.0,1.8593350517554599
123,3542892404.88507,0,0.0,0.0,1.99122129262487
124,3584284634.036308,0,0.0,0.0,4.1634398601487
125,471839791.78609395,0,0.0,0.0,0.4200864550081127
126,208461430.42914903,0,0.0,0.0,0.32680096293360117
127,2641368918.1722417,0,0.0,0.0,2.3859973002082424
128,226069320.83057725,0,0.0,0.0,0.151282229479199
129,1040820081.2359424,0,0.0,0.0,1.4134396068421458
130,3183768974.3006806,0,0.0,0.0,2.109682064112276
131,3485825298.881838,0,0.0,0.0,2.1550425731027065
132,1600387729.551581,0,0.0,0.0,2.1806585184979763
133,3097134381.449953,0,0.0,0.0,2.0030029444678084
134,2580700821.3272905,0,0.0,0.0,2.0122563592548466
135,2668323367.339064,0,0.0,0.0,1.9528357459986119
136,578508127.2779677,0,0.0,0.0,0.8912915009866422
137,2431862339.342131,0,0.0,0.0,2.0140875878374693
138,71524984.73427129,0,0.0,0.0,0.08933165532408749
139,2770538684.1482205,0,0.0,0.0,2.067511723915294
140,665529178.935357,0,0.0,0.0,0.6681526339188923
141,344859027.94328,0,0.0,0.0,0.5267552678278458
142,274477467.3352991,0,0.0,0.0,0.2610167021042924
143,1848481312.4894664,0,0.0,0.0,1.3928738621924057
144,1125193040.8829815,0,0.0,0.0,0.8938907035266053
145,3020714903.456073,0,0.0,0.0,1.9917002269037882
146,1468141936.466794,0,0.0,0.0,1.2138382683373803
147,381376068.7354849,0,0.0,0.0,0.6029274674757652
148,3067910084.3666425,0,0.0,0.0,1.9809872520285376
149,885181907.0494313,0,0.0,0.0,0.8989210588141425
150,870790048.9613078,0,0.0,0.0,0.7429876174581267
151,2078388850.4830112,0,0.0,0.0,3.7565011428044457
152,4014933295.740857,0,0.0,0.0,4.895707583732769
153,4131403426.8665223,0,0.0,0.0,5.509562279560531
154,439068856.2681939,0,0.0,0.0,0.8439150243163936
155,1747322384.3719254,0,0.0,0.0,2.4038563086176854
156,1285727449.2420456,0,0.0,0.0,2.1029896362365896
157,711853325.4378115,0,0.0,0.0,1.456897570091709
158,1615108903.1905062,0,0.0,0.0,1.3683546040377206
159,811565732.0572659,0,0.0,0.0,0.6906458911592338
160,1391369203.8507147,0,0.0,0.0,2.13802861612275
161,5380465581.349589,0,0.0,0.0,5.234655297923638
162,2462774536.197942,0,0.0,0.0,3.8516967302997975
163,996059488.1306868,0,0.0,0.0,0.7927067748643346
164,2490785640.4540005,0,0.0,0.0,1.9896727088981687
165,460326400.9555974,0,0.0,0.0,0.5150662038080903
166,1196359696.6629572,0,0.0,0.0,0.8951236047309395
167,623099076.8018066,0,0.0,0.0,0.3801939957899135
168,814941265.9320656,0,0.0,0.0,1.1551913160511071
169,2717087978.5262156,0,0.0,0.0,3.734928564517462
170,4425949196.09733,0,0.0,0.0,5.521835811677752
171,109815969.11436453,0,0.0,0.0,0.17680239740389642
172,800185894.3464271,0,0.0,0.0,0.7114841730195713
173,3090406999.5254407,0,0.0,0.0,2.2394319044128945
174,2921900480.269912,0,0.0,0.0,3.499588626955831
175,193996472.79237902,0,0.0,0.0,0.34952621303843484
176,2212524799.417465,0,0.0,0.0,2.0084604850829315
177,357850076.5344697,0,0.0,0.0,0.28177925869044795
178,1266216845.671939,0,0.0,0.0,1.3957417014100846
179,3424481277.5499287,0,0.0,0.0,1.9762247710940115
180,239427333.1426167,0,0.0,0.0,0.2203627547702312
181,170887738.87098843,0,0.0,0.0,0.18591993579285276
182,2583127755.732971,0,0.0,0.0,2.0153208154598423
183,2895021811.963605,0,0.0,0.0,2.0117593095399164
184,486478498.38935447,0,0.0,0.0,0.41168389805996886
185,2379351037.2795763,0,0.0,0.0,3.660770060232048
186,1179342569.301576,0,0.0,0.0,1.181354899261216
187,2609359344.495118,0,0.0,0.0,2.042733846647122
188,257557868.01520902,0,0.0,0.0,0.14602210169590712
189,735751162.3908062,0,0.0,0.0,0.6225292240016782
190,510519855.2883103,0,0.0,0.0,0.4998508329656965
191,3093159616.4816046,0,0.0,0.0,2.538973163693383
192,1238729839.9123702,0,0.0,0.0,0.9406067545527339
193,606239726.513073,0,0.0,0.0,0.6082526915932445
194,3342722570.389847,0,0.0,0.0,2.2190205515239363
195,127827836.21196714,0,0.0,0.0,0.11453792099687769
196,3002898503.9727063,0,0.0,0.0,1.9769035736877705
197,3776168874.6676664,0,0.0,0.0,2.023220680473131
198,379981070.0171522,0,0.0,0.0,0.329782794002491
199,435798197.89672875,0,0.0,0.0,0.3665125000949725
200,315376945.6119392,0,0.0,0.0,0.290294340785989
201,1245911043.257836,0,0.0,0.0,1.787578999689223
202,3241769462.5946302,0,0.0,0.0,4.06373311862611
203,2554160916.1699634,0,0.0,0.0,3.8341684503501057
204,2302806542.8210373,0,0.0,0.0,1.8029163029848296
205,343419307.66457707,0,0.0,0.0,0.2093632415489872
206,801925444.7883947,0,0.0,0.0,0.7942184164032168
207,4290750510.1342473,0,0.0,0.0,5.280491006278434
208,165069224.88945082,0,0.0,0.0,0.20847351755346105
209,167453963.59478623,0,0.0,0.0,0.17593358806473702
210,954817972.8275633,0,0.0,0.0,0.637351361043981
211,280192654.49235284,0,0.0,0.0,0.3021742384081635
212,295967756.5435748,0,0.0,0.0,0.2474147164555045
213,2172858580.3074737,0,0.0,0.0,1.749452105261177
214,2605823959.2127566,0,0.0,0.0,2.15559935452523
215,440881901.62309575,0,0.0,0.0,0.3817876173242403
216,2372121615.1980324,0,0.0,0.0,1.951921369299764
217,2900600996.737044,0,0.0,0.0,1.972619995685653
218,2902376554.9234843,0,0.0,0.0,2.020745406481312
219,288303120.0282178,0,0.0,0.0,0.25081816205527563
220,4269292190.015761,0,0.0,0.0,3.5313545748831454
221,324155133.1955809,0,0.0,0.0,0.4934872128887181
222,582208126.3686186,0,0.0,0.0,0.456115909646177
223,1760889066.6091278,0,0.0,0.0,1.6436609830896258
224,530391417.8221603,0,0.0,0.0,0.4438074284606135
225,3273659554.3149657,0,0.0,0.0,2.0433061760415443
226,415304141.8757555,0,0.0,0.0,0.3211056656286812
227,2439549169.919144,0,0.0,0.0,1.755638561622427
228,3263751752.502191,0,0.0,0.0,2.0112735218260043
229,2935540216.7350945,0,0.0,0.0,2.049344333065028
230,1387866495.6956074,0,0.0,0.0,1.0381846015538387
231,429259649.15856457,0,0.0,0.0,0.24444949140107314
232,2544806677.6424513,0,0.0,0.0,1.976017112276739
233,2371121030.6723795,0,0.0,0.0,3.7146110897421867
234,3512198296.991008,0,0.0,0.0,2.224987338719539
235,282951807.0659802,0,0.0,0.0,0.27032316814951995
236,198231373.8280541,0,0.0,0.0,0.20066449973061962
237,1075547636.6476893,0,0.0,0.0,0.849139818670564
238,3109114895.6643662,0,0.0,0.0,2.055233825061835
239,3847738880.6427736,0,0.0,0.0,5.5745346092217005
240,2298872347.5789776,0,0.0,0.0,3.805284541028907
241,3269165788.6938124,0,0.0,0.0,2.6725699507777065
242,2921886727.5775695,0,0.0,0.0,1.9908891499702124
243,3093069688.4181776,0,0.0,0.0,1.9991603710010442
244,3395239681.2864866,0,0.0,0.0,2.2391559196271476
245,988162274.0193052,0,0.0,0.0,0.9119841999185533
246,2086276893.009147,0,0.0,0.0,1.3604578297884546
247,400661122.44480586,0,0.0,0.0,0.40319907042765196
248,545153556.3109798,0,0.0,0.0,0.9357716063845652
249,1558331368.1198559,0,0.0,0.0,1.2971095047696632
250,1497349576.5554023,0,0.0,0.0,2.5696907994742926
251,775855395.9513783,0,0.0,0.0,1.2792231133065726
252,741556410.1526039,0,0.0,0.0,0.6058824893673203
253,187227749.82971343,0,0.0,0.0,0.16930313844789407
254,2374921707.36527,0,0.0,0.0,3.6794244763754484
255,1367014178.084144,0,0.0,0.0,1.4030516383840559
256,3500725620.898229,0,0.0,0.0,4.8358509359923385
257,1856259195.929921,0,0.0,0.0,3.6356072696001913
258,935485266.4057235,0,0.0,0.0,0.9322006984854939
259,3081553264.046065,0,0.0,0.0,1.9903272705860227
260,2537720426.194078,0,0.0,0.0,2.137001287084454
261,2337905610.9384117,0,0.0,0.0,1.9811014704047316
262,5764359032.470406,0,0.0,0.0,5.476755636255481
263,117712357.70067182,0,0.0,0.0,0.12796788903917589
264,3229876324.7399344,0,0.0,0.0,2.1108956287991902
265,3090249767.955568,0,0.0,0.0,2.005932967968095
266,2542795575.1975923,0,0.0,0.0,1.9745143736930268
267,235622701.4437018,0,0.0,0.0,0.24210623150693872
268,2320071302.4707737,0,0.0,0.0,3.9031881302460225
269,1969388856.1307847,0,0.0,0.0,3.7171659501056062
270,985903108.9154909,0,0.0,0.0,0.9810664589201413
271,752826550.8785216,0,0.0,0.0,1.62936574132561
272,3516973249.2420626,0,0.0,0.0,1.972836222479599
273,334990449.5800139,0,0.0,0.0,0.37766307640779473
274,2486269536.06794,0,0.0,0.0,4.0018053530935465
275,2615916303.345908,0,0.0,0.0,3.9381768529322887
276,386835465.8464821,0,0.0,0.0,0.29170557811754755
277,326637747.2632556,0,0.0,0.0,0.3726447764071723
278,749765299.5891955,0,0.0,0.0,0.7118713154196699
279,2458427075.327709,0,0.0,0.0,3.7979050319244445
280,938126656.6284949,0,0.0,0.0,0.9433364598109636
281,3759000165.402605,0,0.0,0.0,2.971619291011062
282,809861699.3841498,0,0.0,0.0,1.1725002802273345
283,1091277966.84031,0,0.0,0.0,1.8314030019198986
284,3203975910.3523464,0,0.0,0.0,1.9690062608246235
285,410330706.5759411,0,0.0,0.0,0.6212287420705352
286,317633148.15151715,0,0.0,0.0,0.5199217984709685
287,3132894148.808112,0,0.0,0.0,2.15618465107327
288,4754154749.260453,0,0.0,0.0,4.000467511833827
289,246768681.56663495,0,0.0,0.0,0.2779505915240693
290,1548898370.1639187,0,0.0,0.0,1.0191567777445418
291,2846184172.2703915,0,0.0,0.0,2.067044270537447
292,2340811327.103709,0,0.0,0.0,1.5838822568374946
293,2608678373.0063686,0,0.0,0.0,2.396750720460674
294,1185128879.0793004,0,0.0,0.0,0.9259409701403034
295,733906469.4526315,0,0.0,0.0,0.825973220405227
296,366158992.79949296,0,0.0,0.0,0.23836112315108718
297,2274127977.647232,0,0.0,0.0,1.4828161560585709
298,3145971264.9575458,0,0.0,0.0,2.0139435334599187
299,270806976.76858175,0,0.0,0.0,0.3752487120205818
300,953375534.6374136,0,710400000.0,0.0,0.8411506227134974
301,269822000.09357285,0,710400000.0,0.0,0.3583534517448205
302,1401759866.6009464,0,710400000.0,0.0,1.8241213477733869
303,148842386.6474827,0,710400000.0,0.0,0.1274594048523993
304,1775076866.6113079,0,710400000.0,0.0,3.4145533760197204
305,317480844.68735266,0,710400000.0,0.0,0.33035035497531207
306,197899274.7041575,0,710400000.0,0.0,0.26349134866053586
307,51964651.82097019,0,710400000.0,0.0,0.05179775292629004
308,305593617.6719694,0,710400000.0,0.0,0.2826634454439829
309,163931653.53394213,0,710400000.0,0.0,0.12721251118756588
310,145722369.33546746,0,710400000.0,0.0,0.1249178129589494
311,235700166.95265806,0,710400000.0,0.0,0.2086728968462498
312,2844753968.0631175,0,710400000.0,0.0,1.6909828104784586
313,293843525.2687638,0,710400000.0,0.0,0.24623386405653286
314,121102430.38327166,0,710400000.0,0.0,0.1641563492233305
315,966574534.2338583,0,710400000.0,0.0,1.754314011145633
316,58518301.30627192,0,710400000.0,0.0,0.05572698848387972
317,294966522.38019776,0,710400000.0,0.0,0.2626969887219903
318,104422887.16399017,0,710400000.0,0.0,0.07842014157113145
319,1963507296.5323799,0,710400000.0,0.0,3.3516285294081283
320,71424991.25314736,0,710400000.0,0.0,0.050205693774069166
321,144405591.2721298,0,710400000.0,0.0,0.12393577246339935
322,83336935.40140778,0,710400000.0,0.0,0.08991043623480538
323,87838809.02993783,0,710400000.0,0.0,0.13879031362947064
324,90745588.736849,0,710400000.0,0.0,0.15995913861189276
325,114889546.1948625,0,710400000.0,0.0,0.0967107171382737
326,829900513.125279,0,710400000.0,0.0,0.6834508337122631
327,2712789483.051112,0,710400000.0,0.0,1.6909828104784586
328,849591071.8241693,0,710400000.0,0.0,0.6437531582795812
329,402424039.62794006,0,710400000.0,0.0,0.7833128733063811
330,1981192273.4801872,0,710400000.0,0.0,3.361995845029929
331,933631903.9040542,0,710400000.0,0.0,1.1951565226995704
332,9119048.541209297,0,710400000.0,0.0,0.010478761569334968
333,122295313.71235105,0,710400000.0,0.0,0.15751163696359968
334,66389358.331472516,0,710400000.0,0.0,0.10265268132113135
335,416214413.5872915,0,710400000.0,0.0,0.2689907825274769
336,890607956.2687166,0,710400000.0,0.0,0.8227237632810905
337,342756101.27490014,0,710400000.0,0.0,0.2947261905719749
338,117790549.49526495,0,710400000.0,0.0,0.2533116041725491
339,334024115.3071683,0,710400000.0,0.0,0.5180143587670006
340,481567870.3584347,0,710400000.0,0.0,0.5127966937440555
341,905662790.8585715,0,710400000.0,0.0,0.8441523689828352
342,3282214631.6176167,0,710400000.0,0.0,2.1228327963227533
343,993017249.91693,0,710400000.0,0.0,0.8281145319632377
344,74927261.54546626,0,710400000.0,0.0,0.16361901053199016
345,311783667.9933956,0,710400000.0,0.0,0.39390286635749766
346,437315638.44197047,0,710400000.0,0.0,0.38373130743525635
347,106803528.74607605,0,710400000.0,0.0,0.101558526049605
348,279935474.77503276,0,710400000.0,0.0,0.6383164450666301
349,2010573139.0479822,0,710400000.0,0.0,1.1951278231820788
350,1351228575.7097132,0,710400000.0,0.0,0.8597053341573933
351,562867449.3703356,0,710400000.0,0.0,0.5924369491858413
352,278698270.9944565,0,710400000.0,0.0,0.2900007039918622
353,688591805.7619286,0,710400000.0,0.0,0.9388257171787624
354,2913178966.1978464,0,710400000.0,0.0,1.7135064576593548
355,26520649.003841378,0,710400000.0,0.0,0.032822494711674206
356,800347064.947039,0,710400000.0,0.0,0.9327745285873394
357,189071488.89414024,0,710400000.0,0.0,0.21923832911498228
358,119688842.1929726,0,710400000.0,0.0,0.1352261226786195
359,333280836.07437414,0,710400000.0,0.0,0.42558480067953863
360,1923749024.61224,0,710400000.0,0.0,3.3664554414953654
361,210558022.53998995,0,710400000.0,0.0,0.18100497677404387
362,152450625.03706023,0,710400000.0,0.0,0.19301541537668956
363,2286258093.894975,0,710400000.0,0.0,1.7268025013543236
364,189201145.8114332,0,710400000.0,0.0,0.17770232302996164
365,60715690.271595374,0,710400000.0,0.0,0.06981041506385904
366,118744552.38931182,0,710400000.0,0.0,0.10318845736985265
367,341754324.8865391,0,710400000.0,0.0,0.8117375639967769
368,166556107.21173692,0,710400000.0,0.0,0.14544894621104998
369,119078759.11766426,0,710400000.0,0.0,0.0844003291191534
370,140468346.5418363,0,710400000.0,0.0,0.11415254428874108
371,111632882.51353951,0,710400000.0,0.0,0.10087976993645274
372,2571081514.375037,0,710400000.0,0.0,3.758702199539248
373,640770637.3410013,0,710400000.0,0.0,1.152975350285173
374,1271785993.247119,0,710400000.0,0.0,2.4306191037732345
375,464925617.94457996,0,710400000.0,0.0,0.4765320588863936
376,76309729.40762244,0,710400000.0,0.0,0.05207250866952361
377,162607845.5392077,0,710400000.0,0.0,0.22721903820515854
378,1880773034.2905912,0,710400000.0,0.0,2.9676682952411784
379,1007938518.9098443,0,710400000.0,0.0,0.8489861795829025
380,106773976.60127433,0,710400000.0,0.0,0.21986392946628802
381,324227554.40002596,0,710400000.0,0.0,0.5214515495176701
382,244022553.47503358,0,710400000.0,0.0,0.15500285238628195
383,177833524.0871246,0,710400000.0,0.0,0.18493202843408835
384,30988451.133426473,0,710400000.0,0.0,0.031293353662856405
385,115704337.337598,0,710400000.0,0.0,0.15907485977815833
386,193906963.45544735,0,710400000.0,0.0,0.2821627573497107
387,99478686.55697776,0,710400000.0,0.0,0.10308263428875934
388,1685085768.6245303,0,710400000.0,0.0,2.980970292360383
389,64763299.63866378,0,710400000.0,0.0,0.057161499279840405
390,153449434.06564188,0,710400000.0,0.0,0.25626393202715836
391,201884122.70594585,0,710400000.0,0.0,0.30319106387717
392,104055268.12050775,0,710400000.0,0.0,0.12109431408284331
393,827528933.0652398,0,710400000.0,0.0,0.8797469336893055
394,238299715.0579607,0,710400000.0,0.0,0.19700078395762832
395,153690642.64002654,0,710400000.0,0.0,0.18019702868975512
396,128942828.499578,0,710400000.0,0.0,0.10566916793698128
397,148876830.0497893,0,710400000.0,0.0,0.09280047790865509
398,78667545.37817168,0,710400000.0,0.0,0.16155723279959014
399,635490384.1955011,0,710400000.0,0.0,0.694515430844886
400,1876454879.4595582,0,710400000.0,0.0,3.446452223091952
401,915864628.2565482,0,710400000.0,0.0,0.8341638332043755
402,119152672.14405131,0,710400000.0,0.0,0.1439174109932413
403,54062172.437462136,0,710400000.0,0.0,0.06535103703689879
404,1968745175.4538198,0,710400000.0,0.0,3.3661630957170714
405,799288840.6173719,0,710400000.0,0.0,1.1963479369129129
406,2865699093.130967,0,710400000.0,0.0,1.7078438126884883
407,134484560.5251728,0,710400000.0,0.0,0.1197752688369383
408,377527946.57282096,0,710400000.0,0.0,0.3994432932310157
409,1087549117.7656903,0,710400000.0,0.0,0.7920356134273348
410,490356240.2893071,0,710400000.0,0.0,0.3212862000637727
411,244626007.6695482,0,710400000.0,0.0,0.380589724282684
412,1644784440.907474,0,710400000.0,0.0,2.627147995504569
413,454988664.1591064,0,710400000.0,0.0,0.46146282982727416
414,52242146.68699504,0,710400000.0,0.0,0.08950524899959353
415,84032154.81369215,0,710400000.0,0.0,0.17696543093569128
416,225561912.73991987,0,710400000.0,0.0,0.4323273485992604
417,96781060.16262628,0,710400000.0,0.0,0.08575882732029672
418,830547655.2557511,0,710400000.0,0.0,0.7573800541165733
419,2985889837.0720706,0,710400000.0,0.0,1.6909828104784586
420,48426752.902277626,0,710400000.0,0.0,0.09788810710509664
421,195130552.3040326,0,710400000.0,0.0,0.1529978401450532
422,133714211.49577983,0,710400000.0,0.0,0.23341123826944862
423,362467647.9223875,0,710400000.0,0.0,0.27508098746414195
424,2401750466.720468,0,710400000.0,0.0,3.3249155077192545
425,256234827.88930103,0,710400000.0,0.0,0.22100808689700632
426,97790702.70934312,0,710400000.0,0.0,0.1421255708187577
427,2234037829.990293,0,710400000.0,0.0,1.793658147440346
428,116433062.25413874,0,710400000.0,0.0,0.07082669559568966
429,349323311.3575274,0,710400000.0,0.0,0.34987096879854107
430,2760207648.512916,0,710400000.0,0.0,1.7623739678682149
431,591168079.9308834,0,710400000.0,0.0,0.823742678264475
432,806940121.9277813,0,710400000.0,0.0,0.9188401751834873
433,117455615.98633076,0,710400000.0,0.0,0.1732147881115453
434,93878947.68800294,0,710400000.0,0.0,0.09591508702578556
435,91645520.32094502,0,710400000.0,0.0,0.11921972618915092
436,299001648.7840663,0,710400000.0,0.0,0.40277370953585856
437,205676861.40799427,0,710400000.0,0.0,0.20369781924022637
438,18392291.91833242,0,710400000.0,0.0,0.01758664623457186
439,696461852.1971759,0,710400000.0,0.0,1.1979942140134838
440,337809657.44844633,0,710400000.0,0.0,0.3052855736790331
441,93666725.6464415,0,710400000.0,0.0,0.15218919221947094
442,127592927.97621554,0,710400000.0,0.0,0.12051964587272238
443,990399759.2351798,0,710400000.0,0.0,0.7528229262293537
444,103903337.79259187,0,710400000.0,0.0,0.12926012596487801
445,108718550.99755582,0,710400000.0,0.0,0.1708592177511582
446,963857524.5084743,0,710400000.0,0.0,0.8321101786195132
447,112156366.28944786,0,710400000.0,0.0,0.16814939842417248
448,669773884.6228207,0,710400000.0,0.0,0.4382289004741048
449,567617295.585468,0,710400000.0,0.0,0.5760952110251685
450,561699848.3400441,0,710400000.0,0.0,0.47884633936388177
451,1900004351.144713,0,710400000.0,0.0,3.3799868575293375
452,1792134532.6229506,0,710400000.0,0.0,1.9339477893542432
453,1353375071.711913,0,710400000.0,0.0,2.704544569961998
454,123127758.47560222,0,710400000.0,0.0,0.18976475730391879
455,630823106.7634821,0,710400000.0,0.0,0.7001120001641428
456,558425298.1955082,0,710400000.0,0.0,0.5961687578363493
457,309802033.6803067,0,710400000.0,0.0,0.43636799561731193
458,72711728.71206385,0,710400000.0,0.0,0.15348991552714716
459,557827445.5878829,0,710400000.0,0.0,0.4739264300106939
460,348930171.08459425,0,710400000.0,0.0,0.42716089178266897
461,2199390122.929459,0,710400000.0,0.0,3.3444146897310896
462,2098562772.20816,0,710400000.0,0.0,3.34758585815044
463,195671221.55602562,0,710400000.0,0.0,0.18115562228899523
464,347812318.36078393,0,710400000.0,0.0,0.4337536521313782
465,150341390.63636702,0,710400000.0,0.0,0.14973762000122023
466,1139056624.7188964,0,710400000.0,0.0,0.8352152937582946
467,71871968.37134765,0,710400000.0,0.0,0.03134901802678107
468,149041321.24578148,0,710400000.0,0.0,0.16479121412469314
469,1868897008.65758,0,710400000.0,0.0,2.456422422048838
470,1836437205.7469556,0,710400000.0,0.0,3.424088374221136
471,38893164.61118232,0,710400000.0,0.0,0.054368470981311
472,313690786.546273,0,710400000.0,0.0,0.2269881295066209
473,1038923515.5086558,0,710400000.0,0.0,0.7388327690764602
474,1449727035.3303967,0,710400000.0,0.0,1.3362017262042671
475,76382114.3164015,0,710400000.0,0.0,0.14004082544382632
476,1933768918.0963004,0,710400000.0,0.0,1.6909828104784586
477,106562951.33268242,0,710400000.0,0.0,0.10709600825987527
478,639356478.0294467,0,710400000.0,0.0,0.5987956947844602
479,725187189.6084788,0,710400000.0,0.0,0.4512407320119768
480,34066784.90795962,0,710400000.0,0.0,0.0410692854630249
481,92896299.27783464,0,710400000.0,0.0,0.10120707514034319
482,409799886.34438443,0,710400000.0,0.0,0.36976450112516235
483,103468920.95791656,0,710400000.0,0.0,0.07964055786413983
484,199927853.2254058,0,710400000.0,0.0,0.1781659443681499
485,1133044286.1925101,0,710400000.0,0.0,1.7276230672158384
486,55672507.89085047,0,710400000.0,0.0,0.07571500357671453
487,150600678.99254522,0,710400000.0,0.0,0.15703965532727868
488,80997543.84032382,0,710400000.0,0.0,0.06324652792725446
489,454108313.13751096,0,710400000.0,0.0,0.38544493403404834
490,325681598.24787855,0,710400000.0,0.0,0.3178328640142901
491,373127944.1691469,0,710400000.0,0.0,0.48306616977174605
492,770270200.4832547,0,710400000.0,0.0,0.5609534405224799
493,309321305.6434227,0,710400000.0,0.0,0.322189288928833
494,320441128.9888392,0,710400000.0,0.0,0.27897149110487246
495,51521602.52286713,0,710400000.0,0.0,0.04367051824863677
496,2657776105.102193,0,710400000.0,0.0,1.6909828104784586
497,3308793197.6261873,0,710400000.0,0.0,1.6938720570282981
498,189601641.1515892,0,710400000.0,0.0,0.17710639802325873
499,171011655.4600893,0,710400000.0,0.0,0.13756582637687548
500,165699773.22096556,0,710400000.0,0.0,0.14162809960826186
501,195282241.81096363,0,710400000.0,0.0,0.27460917249270583
502,1916501084.8531435,0,710400000.0,0.0,2.374027743302582
503,2292751930.063311,0,710400000.0,0.0,3.4040427188582902
504,145243075.8972069,0,710400000.0,0.0,0.13914248546340222
505,64744968.39365691,0,710400000.0,0.0,0.055368782346822736
506,193036338.83247885,0,710400000.0,0.0,0.22180068871419947
507,3480019947.32782,0,710400000.0,0.0,4.585280973326008
508,74509397.90765862,0,710400000.0,0.0,0.10164729456584692
509,55224402.94072831,0,710400000.0,0.0,0.07300067000031311
510,390150359.73191947,0,710400000.0,0.0,0.26280779270624893
511,69136349.74609733,0,710400000.0,0.0,0.08368911693464934
512,140004485.55589622,0,710400000.0,0.0,0.11424028525887647
513,188787412.1849561,0,710400000.0,0.0,0.21489219921176964
514,1128763531.2122366,0,710400000.0,0.0,0.9681728325129277
515,244473780.92087322,0,710400000.0,0.0,0.2162383988237389
516,244112361.0639327,0,710400000.0,0.0,0.2700073378752347
517,940854487.375188,0,710400000.0,0.0,0.6979072845546235
518,440168025.1497737,0,710400000.0,0.0,0.4069197888885619
519,86534879.65841359,0,710400000.0,0.0,0.0846228340417984
520,1147850127.4941006,0,710400000.0,0.0,1.1755289276161012
521,76910038.78244041,0,710400000.0,0.0,0.09597737519203645
522,384290027.7861069,0,710400000.0,0.0,0.2994731162044406
523,992998565.1557673,0,710400000.0,0.0,0.9851391464856453
524,213943989.73506308,0,710400000.0,0.0,0.17835210186159872
525,218349434.6011531,0,710400000.0,0.0,0.14952291976575094
526,179621913.29270706,0,710400000.0,0.0,0.14596964524630185
527,99948317.99782214,0,710400000.0,0.0,0.10019080703064148
528,2901658942.9498568,0,710400000.0,0.0,1.729500711457853
529,528634185.61834985,0,710400000.0,0.0,0.47993139328579804
530,1194488936.5160785,0,710400000.0,0.0,0.8865522985149784
531,98410179.39210585,0,710400000.0,0.0,0.05702043194577315
532,49522273.478792936,0,710400000.0,0.0,0.03916463381990746
533,1404634535.4611797,0,710400000.0,0.0,1.9539247177772592
534,355369286.9782649,0,710400000.0,0.0,0.29061889148918546
535,138983384.61544096,0,710400000.0,0.0,0.1349225419916921
536,99639766.00509073,0,710400000.0,0.0,0.10270707361007819
537,697452555.2824194,0,710400000.0,0.0,0.5507846972669384
538,474132121.6102716,0,710400000.0,0.0,0.7756804132554338
539,1028720923.7818073,0,710400000.0,0.0,2.032407565711031
540,705315082.1073906,0,710400000.0,0.0,1.1781870113315154
541,866332153.8937894,0,710400000.0,0.0,0.85136063626634
542,2574144217.0207043,0,710400000.0,0.0,1.693269050277764
543,152805501.6888036,0,710400000.0,0.0,0.08838165500769077
544,981435796.3220413,0,710400000.0,0.0,0.8046256906484293
545,589602677.7004758,0,710400000.0,0.0,0.48715621931642644
546,50350211.364617534,0,710400000.0,0.0,0.035289057075299585
547,228178763.9861891,0,710400000.0,0.0,0.22956281632450243
548,85197984.08050826,0,710400000.0,0.0,0.14740502172817993
549,947083555.3932493,0,710400000.0,0.0,0.8326611902915743
550,332860319.7807053,0,710400000.0,0.0,0.552116867709538
551,329484005.1004163,0,710400000.0,0.0,0.399689440012996
552,457008096.37494683,0,710400000.0,0.0,0.3731840264037625
553,72170800.13366719,0,710400000.0,0.0,0.055343551577240184
554,1172418376.2988665,0,710400000.0,0.0,1.7559546805233448
555,688657468.2734518,0,710400000.0,0.0,0.6004800083903796
556,737636073.9358371,0,710400000.0,0.0,1.401195296497447
557,1727665465.9620035,0,710400000.0,0.0,3.315925497045615
558,816580672.3212024,0,710400000.0,0.0,0.8070344713602988
559,143218752.30858195,0,710400000.0,0.0,0.13387004423122362
560,383146564.44691426,0,710400000.0,0.0,0.40981515847832206
561,42431928.93512623,0,710400000.0,0.0,0.05163467004675921
562,1669783136.1516013,0,710400000.0,0.0,2.410573667750493
563,30406917.467391632,0,710400000.0,0.0,0.025761225296181002
564,874848237.533758,0,710400000.0,0.0,0.7166622259710409
565,24677793.86280435,0,710400000.0,0.0,0.023537222373241178
566,2252711266.06923,0,710400000.0,0.0,1.6909828104784586
567,112587918.02061573,0,710400000.0,0.0,0.08272744741757959
568,1734348288.3410792,0,710400000.0,0.0,2.3514847359858098
569,1565628626.963484,0,710400000.0,0.0,2.9513427002448327
570,561968414.253804,0,710400000.0,0.0,0.5691829497513587
571,177621555.23858732,0,710400000.0,0.0,0.3000354480134347
572,299029672.69890666,0,710400000.0,0.0,0.21735239528404768
573,101256772.86666088,0,710400000.0,0.0,0.09964682830568097
574,2106691867.8889065,0,710400000.0,0.0,3.4530393295837447
575,1704746510.3871927,0,710400000.0,0.0,2.6919876240785823
576,87425649.9043242,0,710400000.0,0.0,0.08138821104822669
577,136954539.5141564,0,710400000.0,0.0,0.1693602040424021
578,495675865.18918663,0,710400000.0,0.0,0.46960019958263155
579,2250173963.8463407,0,710400000.0,0.0,3.3829863454822258
580,852784372.8286035,0,710400000.0,0.0,0.8449384085869218
581,2746406675.9046044,0,710400000.0,0.0,3.762827903468807
582,346859472.9995236,0,710400000.0,0.0,0.4182374456974032
583,165421988.13518745,0,710400000.0,0.0,0.27037154080436654
584,55396715.3170295,0,710400000.0,0.0,0.07327510380926913
585,136838343.09800118,0,710400000.0,0.0,0.18998174197359333
586,92708256.78118002,0,710400000.0,0.0,0.1399057959480295
587,1120681381.190498,0,710400000.0,0.0,0.833902904414902
588,3376784858.553891,0,710400000.0,0.0,2.2175824968079394
589,123720666.36157772,0,710400000.0,0.0,0.1277159244481895
590,274633866.3128052,0,710400000.0,0.0,0.2295026115221354
591,154536562.19621986,0,710400000.0,0.0,0.15092552349088967
592,250895895.05099338,0,710400000.0,0.0,0.22515050050394397
593,258574544.22523326,0,710400000.0,0.0,0.31881026038217397
594,367986611.9877629,0,710400000.0,0.0,0.3092320980467546
595,451153172.432429,0,710400000.0,0.0,0.48465680488814405
596,21441004.198883295,0,710400000.0,0.0,0.02701359899161497
597,55483503.47994105,0,710400000.0,0.0,0.05082103447905935
598,120971781.81136705,0,710400000.0,0.0,0.06264563595086661
599,107776277.22816655,0,710400000.0,0.0,0.16929638003542904
600,23491178.985559963,317408714,0.0,0.0,0.02455603729969225
601,0.0,317408714,0.0,0.0,0.0
602,4124362.9430940556,317408714,0.0,0.0,0.0021768208343302432
603,0.0,317408714,0.0,0.0,0.0
604,0.0,317408714,0.0,0.0,0.0
605,0.0,317408714,0.0,0.0,0.0
606,0.0,317408714,0.0,0.0,0.0
607,0.0,317408714,0.0,0.0,0.0
608,0.0,317408714,0.0,0.0,0.0
609,0.0,317408714,0.0,0.0,0.0
610,0.0,317408714,0.0,0.0,0.0
611,16827437.466670755,317408714,0.0,0.0,0.01853445091549267
612,1801162042.468724,317408714,0.0,0.0,1.134579336419765
613,0.0,317408714,0.0,0.0,0.0
614,0.0,317408714,0.0,0.0,0.0
615,0.0,317408714,0.0,0.0,0.0
616,0.0,317408714,0.0,0.0,0.0
617,0.0,317408714,0.0,0.0,0.0
618,0.0,317408714,0.0,0.0,0.0
619,27435643.212061785,317408714,0.0,0.0,0.05386712423409644
620,0.0,317408714,0.0,0.0,0.0
621,0.0,317408714,0.0,0.0,0.0
622,0.0,317408714,0.0,0.0,0.0
623,0.0,317408714,0.0,0.0,0.0
624,0.0,317408714,0.0,0.0,0.0
625,0.0,317408714,0.0,0.0,0.0
626,6419703.237431872,317408714,0.0,0.0,0.00568276542320789
627,0.0,317408714,0.0,0.0,0.0
628,3704257.113760966,317408714,0.0,0.0,0.0021349898544526756
629,0.0,317408714,0.0,0.0,0.0
630,0.0,317408714,0.0,0.0,0.0
631,0.0,317408714,0.0,0.0,0.0
632,0.0,317408714,0.0,0.0,0.0
633,0.0,317408714,0.0,0.0,0.0
634,0.0,317408714,0.0,0.0,0.0
635,0.0,317408714,0.0,0.0,0.0
636,0.0,317408714,0.0,0.0,0.0
637,0.0,317408714,0.0,0.0,0.0
638,0.0,317408714,0.0,0.0,0.0
639,0.0,317408714,0.0,0.0,0.0
640,0.0,317408714,0.0,0.0,0.0
641,0.0,317408714,0.0,0.0,0.0
642,0.0,317408714,0.0,0.0,0.0
643,24467928.377774544,317408714,0.0,0.0,0.02408428522424269
644,0.0,317408714,0.0,0.0,0.0
645,0.0,317408714,0.0,0.0,0.0
646,0.0,317408714,0.0,0.0,0.0
647,0.0,317408714,0.0,0.0,0.0
648,0.0,317408714,0.0,0.0,0.0
649,0.0,317408714,0.0,0.0,0.0
650,0.0,317408714,0.0,0.0,0.0
651,0.0,317408714,0.0,0.0,0.0
652,0.0,317408714,0.0,0.0,0.0
653,0.0,317408714,0.0,0.0,0.0
654,0.0,317408714,0.0,0.0,0.0
655,0.0,317408714,0.0,0.0,0.0
656,0.0,317408714,0.0,0.0,0.0
657,0.0,317408714,0.0,0.0,0.0
658,0.0,317408714,0.0,0.0,0.0
659,0.0,317408714,0.0,0.0,0.0
660,0.0,317408714,0.0,0.0,0.0
661,0.0,317408714,0.0,0.0,0.0
662,0.0,317408714,0.0,0.0,0.0
663,0.0,317408714,0.0,0.0,0.0
664,0.0,317408714,0.0,0.0,0.0
665,0.0,317408714,0.0,0.0,0.0
666,0.0,317408714,0.0,0.0,0.0
667,0.0,317408714,0.0,0.0,0.0
668,0.0,317408714,0.0,0.0,0.0
669,0.0,317408714,0.0,0.0,0.0
670,0.0,317408714,0.0,0.0,0.0
671,0.0,317408714,0.0,0.0,0.0
672,83236616.52290991,317408714,0.0,0.0,0.15337335578383463
673,0.0,317408714,0.0,0.0,0.0
674,0.0,317408714,0.0,0.0,0.0
675,0.0,317408714,0.0,0.0,0.0
676,0.0,317408714,0.0,0.0,0.0
677,0.0,317408714,0.0,0.0,0.0
678,0.0,317408714,0.0,0.0,0.0
679,2035782.323265279,317408714,0.0,0.0,0.0020818747527803247
680,0.0,317408714,0.0,0.0,0.0
681,0.0,317408714,0.0,0.0,0.0
682,0.0,317408714,0.0,0.0,0.0
683,0.0,317408714,0.0,0.0,0.0
684,0.0,317408714,0.0,0.0,0.0
685,0.0,317408714,0.0,0.0,0.0
686,0.0,317408714,0.0,0.0,0.0
687,0.0,317408714,0.0,0.0,0.0
688,0.0,317408714,0.0,0.0,0.0
689,0.0,317408714,0.0,0.0,0.0
690,0.0,317408714,0.0,0.0,0.0
691,0.0,317408714,0.0,0.0,0.0
692,0.0,317408714,0.0,0.0,0.0
693,0.0,317408714,0.0,0.0,0.0
694,0.0,317408714,0.0,0.0,0.0
695,0.0,317408714,0.0,0.0,0.0
696,0.0,317408714,0.0,0.0,0.0
697,0.0,317408714,0.0,0.0,0.0
698,0.0,317408714,0.0,0.0,0.0
699,0.0,317408714,0.0,0.0,0.0
700,0.0,317408714,0.0,0.0,0.0
701,0.0,317408714,0.0,0.0,0.0
702,0.0,317408714,0.0,0.0,0.0
703,0.0,317408714,0.0,0.0,0.0
704,20172943.61474125,317408714,0.0,0.0,0.03986696408510636
705,0.0,317408714,0.0,0.0,0.0
706,0.0,317408714,0.0,0.0,0.0
707,0.0,317408714,0.0,0.0,0.0
708,0.0,317408714,0.0,0.0,0.0
709,0.0,317408714,0.0,0.0,0.0
710,0.0,317408714,0.0,0.0,0.0
711,0.0,317408714,0.0,0.0,0.0
712,0.0,317408714,0.0,0.0,0.0
713,0.0,317408714,0.0,0.0,0.0
714,0.0,317408714,0.0,0.0,0.0
715,0.0,317408714,0.0,0.0,0.0
716,0.0,317408714,0.0,0.0,0.0
717,0.0,317408714,0.0,0.0,0.0
718,5878041.969823306,317408714,0.0,0.0,0.005563851865130452
719,0.0,317408714,0.0,0.0,0.0
720,0.0,317408714,0.0,0.0,0.0
721,0.0,317408714,0.0,0.0,0.0
722,0.0,317408714,0.0,0.0,0.0
723,0.0,317408714,0.0,0.0,0.0
724,0.0,317408714,0.0,0.0,0.0
725,0.0,317408714,0.0,0.0,0.0
726,0.0,317408714,0.0,0.0,0.0
727,0.0,317408714,0.0,0.0,0.0
728,0.0,317408714,0.0,0.0,0.0
729,0.0,317408714,0.0,0.0,0.0
730,0.0,317408714,0.0,0.0,0.0
731,0.0,317408714,0.0,0.0,0.0
732,0.0,317408714,0.0,0.0,0.0
733,0.0,317408714,0.0,0.0,0.0
734,0.0,317408714,0.0,0.0,0.0
735,0.0,317408714,0.0,0.0,0.0
736,0.0,317408714,0.0,0.0,0.0
737,0.0,317408714,0.0,0.0,0.0
738,0.0,317408714,0.0,0.0,0.0
739,0.0,317408714,0.0,0.0,0.0
740,0.0,317408714,0.0,0.0,0.0
741,0.0,317408714,0.0,0.0,0.0
742,0.0,317408714,0.0,0.0,0.0
743,23146218.73745028,317408714,0.0,0.0,0.019226308868470623
744,0.0,317408714,0.0,0.0,0.0
745,0.0,317408714,0.0,0.0,0.0
746,0.0,317408714,0.0,0.0,0.0
747,0.0,317408714,0.0,0.0,0.0
748,0.0,317408714,0.0,0.0,0.0
749,0.0,317408714,0.0,0.0,0.0
750,0.0,317408714,0.0,0.0,0.0
751,0.0,317408714,0.0,0.0,0.0
752,103908090.76364224,317408714,0.0,0.0,0.09494811538817069
753,0.0,317408714,0.0,0.0,0.0
754,0.0,317408714,0.0,0.0,0.0
755,0.0,317408714,0.0,0.0,0.0
756,0.0,317408714,0.0,0.0,0.0
757,0.0,317408714,0.0,0.0,0.0
758,0.0,317408714,0.0,0.0,0.0
759,0.0,317408714,0.0,0.0,0.0
760,0.0,317408714,0.0,0.0,0.0
761,4099115.4485240076,317408714,0.0,0.0,0.00723222073223269
762,21627507.36560835,317408714,0.0,0.0,0.039742411739771014
763,0.0,317408714,0.0,0.0,0.0
764,0.0,317408714,0.0,0.0,0.0
765,0.0,317408714,0.0,0.0,0.0
766,7711897.614647351,317408714,0.0,0.0,0.006809628261956611
767,0.0,317408714,0.0,0.0,0.0
768,0.0,317408714,0.0,0.0,0.0
769,0.0,317408714,0.0,0.0,0.0
770,7303322.328453661,317408714,0.0,0.0,0.016218057882404865
771,0.0,317408714,0.0,0.0,0.0
772,0.0,317408714,0.0,0.0,0.0
773,17354898.32699358,317408714,0.0,0.0,0.010124079051749856
774,32524918.73670728,317408714,0.0,0.0,0.028648979516055776
775,0.0,317408714,0.0,0.0,0.0
776,0.0,317408714,0.0,0.0,0.0
777,0.0,317408714,0.0,0.0,0.0
778,0.0,317408714,0.0,0.0,0.0
779,0.0,317408714,0.0,0.0,0.0
780,0.0,317408714,0.0,0.0,0.0
781,0.0,317408714,0.0,0.0,0.0
782,0.0,317408714,0.0,0.0,0.0
783,0.0,317408714,0.0,0.0,0.0
784,0.0,317408714,0.0,0.0,0.0
785,0.0,317408714,0.0,0.0,0.0
786,0.0,317408714,0.0,0.0,0.0
787,0.0,317408714,0.0,0.0,0.0
788,0.0,317408714,0.0,0.0,0.0
789,0.0,317408714,0.0,0.0,0.0
790,0.0,317408714,0.0,0.0,0.0
791,0.0,317408714,0.0,0.0,0.0
792,0.0,317408714,0.0,0.0,0.0
793,0.0,317408714,0.0,0.0,0.0
794,0.0,317408714,0.0,0.0,0.0
795,0.0,317408714,0.0,0.0,0.0
796,0.0,317408714,0.0,0.0,0.0
797,0.0,317408714,0.0,0.0,0.0
798,0.0,317408714,0.0,0.0,0.0
799,0.0,317408714,0.0,0.0,0.0
800,0.0,317408714,0.0,0.0,0.0
801,0.0,317408714,0.0,0.0,0.0
802,0.0,317408714,0.0,0.0,0.0
803,0.0,317408714,0.0,0.0,0.0
804,0.0,317408714,0.0,0.0,0.0
805,0.0,317408714,0.0,0.0,0.0
806,0.0,317408714,0.0,0.0,0.0
807,40027387.70237973,317408714,0.0,0.0,0.08799358684698338
808,0.0,317408714,0.0,0.0,0.0
809,0.0,317408714,0.0,0.0,0.0
810,0.0,317408714,0.0,0.0,0.0
811,0.0,317408714,0.0,0.0,0.0
812,0.0,317408714,0.0,0.0,0.0
813,0.0,317408714,0.0,0.0,0.0
814,19639837.54439033,317408714,0.0,0.0,0.019232628682175505
815,0.0,317408714,0.0,0.0,0.0
816,0.0,317408714,0.0,0.0,0.0
817,0.0,317408714,0.0,0.0,0.0
818,0.0,317408714,0.0,0.0,0.0
819,0.0,317408714,0.0,0.0,0.0
820,0.0,317408714,0.0,0.0,0.0
821,0.0,317408714,0.0,0.0,0.0
822,0.0,317408714,0.0,0.0,0.0
823,57411677.9037249,317408714,0.0,0.0,0.06383091570000883
824,0.0,317408714,0.0,0.0,0.0
825,0.0,317408714,0.0,0.0,0.0
826,0.0,317408714,0.0,0.0,0.0
827,0.0,317408714,0.0,0.0,0.0
828,0.0,317408714,0.0,0.0,0.0
829,0.0,317408714,0.0,0.0,0.0
830,7437171.824520981,317408714,0.0,0.0,0.006300778212431801
831,0.0,317408714,0.0,0.0,0.0
832,0.0,317408714,0.0,0.0,0.0
833,6925342.075910926,317408714,0.0,0.0,0.006152019960312522
834,0.0,317408714,0.0,0.0,0.0
835,0.0,317408714,0.0,0.0,0.0
836,0.0,317408714,0.0,0.0,0.0
837,0.0,317408714,0.0,0.0,0.0
838,0.0,317408714,0.0,0.0,0.0
839,0.0,317408714,0.0,0.0,0.0
840,0.0,317408714,0.0,0.0,0.0
841,0.0,317408714,0.0,0.0,0.0
842,0.0,317408714,0.0,0.0,0.0
843,0.0,317408714,0.0,0.0,0.0
844,0.0,317408714,0.0,0.0,0.0
845,0.0,317408714,0.0,0.0,0.0
846,0.0,317408714,0.0,0.0,0.0
847,0.0,317408714,0.0,0.0,0.0
848,0.0,317408714,0.0,0.0,0.0
849,1917523.4653506996,317408714,0.0,0.0,0.0020478455292269266
850,0.0,317408714,0.0,0.0,0.0
851,0.0,317408714,0.0,0.0,0.0
852,0.0,317408714,0.0,0.0,0.0
853,0.0,317408714,0.0,0.0,0.0
854,0.0,317408714,0.0,0.0,0.0
855,0.0,317408714,0.0,0.0,0.0
856,0.0,317408714,0.0,0.0,0.0
857,0.0,317408714,0.0,0.0,0.0
858,0.0,317408714,0.0,0.0,0.0
859,0.0,317408714,0.0,0.0,0.0
860,0.0,317408714,0.0,0.0,0.0
861,0.0,317408714,0.0,0.0,0.0
862,0.0,317408714,0.0,0.0,0.0
863,0.0,317408714,0.0,0.0,0.0
864,0.0,317408714,0.0,0.0,0.0
865,0.0,317408714,0.0,0.0,0.0
866,0.0,317408714,0.0,0.0,0.0
867,0.0,317408714,0.0,0.0,0.0
868,29375400.569677327,317408714,0.0,0.0,0.02916850539412653
869,0.0,317408714,0.0,0.0,0.0
870,0.0,317408714,0.0,0.0,0.0
871,0.0,317408714,0.0,0.0,0.0
872,0.0,317408714,0.0,0.0,0.0
873,0.0,317408714,0.0,0.0,0.0
874,0.0,317408714,0.0,0.0,0.0
875,0.0,317408714,0.0,0.0,0.0
876,0.0,317408714,0.0,0.0,0.0
877,0.0,317408714,0.0,0.0,0.0
878,0.0,317408714,0.0,0.0,0.0
879,0.0,317408714,0.0,0.0,0.0
880,0.0,317408714,0.0,0.0,0.0
881,0.0,317408714,0.0,0.0,0.0
882,0.0,317408714,0.0,0.0,0.0
883,0.0,317408714,0.0,0.0,0.0
884,0.0,317408714,0.0,0.0,0.0
885,0.0,317408714,0.0,0.0,0.0
886,0.0,317408714,0.0,0.0,0.0
887,2269497.934430692,317408714,0.0,0.0,0.0020523639476366534
888,0.0,317408714,0.0,0.0,0.0
889,0.0,317408714,0.0,0.0,0.0
890,0.0,317408714,0.0,0.0,0.0
891,0.0,317408714,0.0,0.0,0.0
892,0.0,317408714,0.0,0.0,0.0
893,0.0,317408714,0.0,0.0,0.0
894,0.0,317408714,0.0,0.0,0.0
895,0.0,317408714,0.0,0.0,0.0
896,0.0,317408714,0.0,0.0,0.0
897,0.0,317408714,0.0,0.0,0.0
898,0.0,317408714,0.0,0.0,0.0
899,0.0,317408714,0.0,0.0,0.0
900,1018723762.9787296,0,0.0,71823.27050754643,0.11162819163612203
901,548630408.958143,0,0.0,44017.59990297846,0.09370390350750377
902,5966640393.837572,0,0.0,173178.08292086358,0.6590357010521778
903,653264424.1951811,0,0.0,26345.17187062663,0.0743907230300023
904,1936375430.1272693,0,0.0,136322.89729110955,0.46001716451661945
905,1756007000.3215213,0,0.0,33463.230074560546,0.13870778922585453
906,1134607330.4984322,0,0.0,51211.15774956894,0.18693949959177328
907,119007252.06079616,0,0.0,7692.190315925721,0.014359509152456297
908,1727098730.9722128,0,0.0,91449.37969733807,0.28418273588842546
909,607163258.0664042,0,0.0,24159.001767382946,0.048617388094044214
910,1025690184.3472826,0,0.0,26370.038982958627,0.09417944285600854
911,2557694521.0116115,0,0.0,40060.53194483125,0.23848247109178577
912,3256831649.692266,0,0.0,39822.165805866396,0.24120163846584333
913,3712910430.105397,0,0.0,56036.02797934675,0.266279950102192
914,3432976745.7967296,0,0.0,40182.87134642727,0.23673869403902387
915,2017749660.0871112,0,0.0,129249.98129897831,0.44624011278677467
916,148555964.74191475,0,0.0,9581.020617965121,0.024728207280292906
917,3045002771.167834,0,0.0,45077.195184838034,0.24197832191771254
918,2870524722.8272433,0,0.0,43277.422665580205,0.23783906837490848
919,2318972383.9722285,0,0.0,132087.03890657256,0.46332944178871505
920,3563196331.597409,0,0.0,39948.20539836231,0.24056534358549725
921,306320661.89719427,0,0.0,17560.926714811903,0.030896433931507067
922,2999603262.3260765,0,0.0,38845.497224436716,0.23084201595788628
923,1205220859.2200859,0,0.0,17756.001184949324,0.11132919595958629
924,1207672513.6773083,0,0.0,29179.926257345476,0.1448065343639779
925,339136837.2298541,0,0.0,15310.055715666786,0.040981552678385866
926,3767187946.3267016,0,0.0,98703.40516066444,0.3196083534878547
927,3064318280.258926,0,0.0,39417.657874305696,0.23715645439350475
928,1215860169.3652794,0,0.0,80312.65317062447,0.11329729635366607
929,1485195440.2543557,0,0.0,100876.47560766673,0.35286611443349664
930,3110146279.398075,0,0.0,57049.32817988537,0.2913809370909475
931,1932324067.70589,0,0.0,120132.58870344484,0.38128159076480095
932,99320196.85242818,0,0.0,3610.024679787013,0.012391164961122686
933,3097788380.0190196,0,0.0,40601.21203413235,0.2424455139904446
934,173858828.77628466,0,0.0,12603.61221037055,0.03425665216142068
935,3416263930.5104346,0,0.0,42510.49296734694,0.23932651580213302
936,1170607696.2218294,0,0.0,73506.44250953941,0.12722280323298024
937,2856219245.4368334,0,0.0,40373.50183114879,0.23734370177311187
938,2069031334.772229,0,0.0,40307.12025069805,0.24302921158314283
939,3287852439.9748297,0,0.0,42022.31499282401,0.24812566346140286
940,1295338052.117645,0,0.0,85072.21679910485,0.18887500163845328
941,946876085.5406724,0,0.0,70813.73314730838,0.10830120214286203
942,3915510459.9657984,0,0.0,66720.43695660689,0.33081229205019025
943,1032067354.8727885,0,0.0,69846.96808608617,0.10533774626122709
944,494243423.5270238,0,0.0,37531.79294808269,0.1387986977921611
945,1378018234.381744,0,0.0,70663.88145659879,0.24281643585150478
946,3041767558.922056,0,0.0,39812.15760303097,0.24110183528227047
947,3732700457.5043373,0,0.0,39414.685132834245,0.23712611464919398
948,2351307236.941235,0,0.0,51876.05930635699,0.2808579393262214
949,3226446549.8378067,0,0.0,39541.647557165394,0.23837285650093415
950,2986254291.2936583,0,0.0,39262.82326372234,0.2355700439638354
951,2342211751.242388,0,0.0,51914.748267505274,0.2595637203822603
952,726658966.5534091,0,0.0,42135.546722384,0.1287809541270828
953,2280822065.449897,0,0.0,135366.2834495143,0.42447708988456
954,3284579003.1997943,0,0.0,44410.121476982575,0.24093292674235675
955,93554880.67295435,0,0.0,6568.413483375042,0.01410044577241379
956,2693091174.610849,0,0.0,131235.79367918134,0.429449687866763
957,721885630.5419015,0,0.0,40841.97554243137,0.08568324526879872
958,309598966.2644778,0,0.0,26400.840059365415,0.04267382906390009
959,3396098518.2181597,0,0.0,39778.711480024234,0.2395470738536535
960,2165253529.1932993,0,0.0,134552.6539602448,0.45601304156749217
961,397775717.8737809,0,0.0,31689.877637343576,0.04714102246755007
962,296513478.7694565,0,0.0,22847.564339823955,0.046592783710032046
963,2590772037.496063,0,0.0,41574.276106913836,0.2428093675015132
964,386144924.6834,0,0.0,25230.25188099636,0.051264215207950665
965,3012163513.628048,0,0.0,38952.00810227388,0.23206726872071837
966,218081332.5832138,0,0.0,13186.422773094864,0.022692621548947904
967,2077822876.2008457,0,0.0,43453.995736016004,0.2502530471748644
968,2601956203.5126743,0,0.0,43858.119043813545,0.2447423671577733
969,419181070.5984145,0,0.0,17390.339443261968,0.03415785950220545
970,534323126.7499156,0,0.0,28760.754770510557,0.0610448318214779
971,2265165507.2353525,0,0.0,29723.682981840633,0.17750720361048833
972,2829757234.964342,0,0.0,171494.75816394557,0.5012976995682925
973,2353350771.877337,0,0.0,131916.49412914788,0.4705995383588427
974,1962453675.5672688,0,0.0,132224.55938256287,0.45865195586493285
975,1395599991.945023,0,0.0,103261.72965938627,0.23753608217644956
976,1411040967.3023217,0,0.0,29978.519261053392,0.1399049637275696
977,1001339257.9105557,0,0.0,49016.96719475056,0.1830189159187092
978,2306306290.665882,0,0.0,131777.99414292097,0.44834897757734116
979,1094362155.3730826,0,0.0,73107.69337979531,0.11762925262538908
980,675076730.7990191,0,0.0,41015.75133826388,0.15915962169407485
981,3017938999.1902475,0,0.0,45035.15927950697,0.25843455329001647
982,3037478042.139094,0,0.0,41212.34307450093,0.24040453916159743
983,461990643.98024017,0,0.0,36092.41234343604,0.05946524067460042
984,1585789262.0056615,0,0.0,21684.293352888664,0.1348663613167207
985,673602771.1891,0,0.0,18001.804677705775,0.07128641261089867
986,1083954932.0218134,0,0.0,52698.51754935184,0.19580352535600987
987,346231331.34946656,0,0.0,16270.965538849126,0.03806481573993249
988,4535083840.326624,0,0.0,164097.33321745368,0.6408930918157125
989,2764844342.499692,0,0.0,38677.900421438535,0.21407884377241784
990,2200487716.739929,0,0.0,41564.40264585618,0.24388182536312955
991,958970938.6573784,0,0.0,53455.83033018169,0.1994920553500463
992,2529238432.4588547,0,0.0,40083.13465111033,0.23484180229886836
993,2725990919.6998773,0,0.0,39662.05854408741,0.23958445138311898
994,395732949.2481479,0,0.0,27087.918428399258,0.039548710828523834
995,584308903.1861537,0,0.0,24279.959487979548,0.07333062646946352
996,431596401.0710576,0,0.0,19312.914997009902,0.03801358046331381
997,3044439639.9663763,0,0.0,39228.510470199246,0.23521598366489713
998,260864760.61126557,0,0.0,17774.12075119606,0.049003900053943616
999,1627840680.0732002,0,0.0,92085.69344334619,0.27996649529197376
1000,4308649193.6980095,0,0.0,167340.4973879839,0.6381970305521627
1001,1503547814.1644497,0,0.0,77836.80947831627,0.15537744416914134
1002,289353654.5714921,0,0.0,18388.26823303471,0.04216300305149209
1003,93951096.49112281,0,0.0,7453.561612020461,0.013489483096080435
1004,2113714176.8956635,0,0.0,127792.23521909569,0.4493750722442108
1005,2418991200.459163,0,0.0,131507.79704466474,0.45014893150145163
1006,3230759250.9337516,0,0.0,39581.60160586452,0.2387743677470278
1007,529167259.5675058,0,0.0,23200.59070437833,0.05908757252332024
1008,3079254723.62935,0,0.0,41767.54619472818,0.23917439218291098
1009,4959104846.702689,0,0.0,106789.61123555365,0.37712074032156107
1010,1006663745.3198004,0,0.0,44553.30611763194,0.08727551017570304
1011,3076120598.7999396,0,0.0,39535.167823797296,0.23830887937149087
1012,2233534973.502157,0,0.0,126703.30063545112,0.43719484862531416
1013,775523949.4012765,0,0.0,57520.499584359626,0.0930565234459499
1014,128311350.45706883,0,0.0,7744.423441604269,0.025619959289636313
1015,963433169.8694167,0,0.0,16808.6235483348,0.10773720921542666
1016,1334990339.9845471,0,0.0,77531.5726959237,0.30480476968438114
1017,1729886825.5995526,0,0.0,27928.51435661994,0.1631230335387546
1018,2421158889.7960744,0,0.0,158037.36177396638,0.3642221916633051
1019,3401732117.254457,0,0.0,39675.557445272774,0.23972220461866467
1020,137506048.57999068,0,0.0,7961.672021639028,0.030075143484601233
1021,3452731036.89368,0,0.0,43149.46682771839,0.2445747612053324
1022,1386041419.9777474,0,0.0,52139.2895746432,0.2231202062106552
1023,3542892404.88507,0,0.0,39686.32909678153,0.23894655511498444
1024,3584284634.036308,0,0.0,136819.27819987648,0.499612783217844
1025,471839791.78609395,0,0.0,29462.06262782923,0.05041037460097351
1026,208461430.42914903,0,0.0,11025.092395545302,0.03921611555203213
1027,2641368918.1722417,0,0.0,60314.70470426034,0.2863196760249891
1028,226069320.83057725,0,0.0,14662.084328787594,0.01815386753750388
1029,1040820081.2359424,0,0.0,69155.24372856911,0.16961275282105748
1030,3183768974.3006806,0,0.0,50859.88275944078,0.2531618476934732
1031,3485825298.881838,0,0.0,46122.73810698371,0.2586051087723248
1032,1600387729.551581,0,0.0,110425.58300839999,0.26167902221975714
1033,3097134381.449953,0,0.0,39738.18673802477,0.240360353336137
1034,2580700821.3272905,0,0.0,40180.577104058255,0.2414707631105815
1035,2668323367.339064,0,0.0,39149.11579763781,0.23434028951983332
1036,578508127.2779677,0,0.0,56769.960234675695,0.10695498011839707
1037,2431862339.342131,0,0.0,39871.74823179592,0.24169051054049628
1038,71524984.73427129,0,0.0,5400.469095911789,0.010719798638890495
1039,2770538684.1482205,0,0.0,42055.21748667864,0.2481014068698352
1040,665529178.935357,0,0.0,45307.11239207837,0.08017831607026708
1041,344859027.94328,0,0.0,15872.645286144758,0.0632106321393415
1042,274477467.3352991,0,0.0,16671.795642271107,0.031322004252515086
1043,1848481312.4894664,0,0.0,115941.077766212,0.16714486346308866
1044,1125193040.8829815,0,0.0,18082.97403954855,0.10726688442319261
1045,3020714903.456073,0,0.0,39604.599306449236,0.23900402722845454
1046,1468141936.466794,0,0.0,76447.62632526219,0.1456605922004856
1047,381376068.7354849,0,0.0,19346.221170050405,0.0723512960970918
1048,3067910084.3666425,0,0.0,41608.50820168611,0.23771847024342452
1049,885181907.0494313,0,0.0,71392.12651458575,0.1078705270576971
1050,870790048.9613078,0,0.0,57036.68202352057,0.08915851409497519
1051,2078388850.4830112,0,0.0,135963.86644071178,0.4507801371365333
1052,4014933295.740857,0,0.0,226241.9391666033,0.587484910047932
1053,4131403426.8665223,0,0.0,168643.54434494732,0.6611474735472636
1054,439068856.2681939,0,0.0,29981.68143573287,0.10126980291796725
1055,1747322384.3719254,0,0.0,96789.45522323615,0.2884627570341222
1056,1285727449.2420456,0,0.0,70862.2039344467,0.2523587563483907
1057,711853325.4378115,0,0.0,53652.408193088515,0.17482770841100506
1058,1615108903.1905062,0,0.0,26496.239925017388,0.16420255248452642
1059,811565732.0572659,0,0.0,51956.937323423146,0.08287750693910803
1060,1391369203.8507147,0,0.0,79254.26526280586,0.25656343393473
1061,5380465581.349589,0,0.0,163059.5445856494,0.6281586357508364
1062,2462774536.197942,0,0.0,129735.12159781948,0.4622036076359757
1063,996059488.1306868,0,0.0,37803.57331867689,0.09512481298372016
1064,2490785640.4540005,0,0.0,41834.7583911683,0.23876072506778023
1065,460326400.9555974,0,0.0,24387.60090725346,0.061807944456970826
1066,1196359696.6629572,0,0.0,70475.53666442414,0.10741483256771274
1067,623099076.8018066,0,0.0,15318.803958321769,0.04562327949478963
1068,814941265.9320656,0,0.0,41604.93695413577,0.13862295792613283
1069,2717087978.5262156,0,0.0,137228.076628141,0.4481914277420954
1070,4425949196.09733,0,0.0,171197.12048622445,0.6626202974013301
1071,109815969.11436453,0,0.0,5837.738757386183,0.021216287688467568
1072,800185894.3464271,0,0.0,36450.15652622868,0.08537810076234856
1073,3090406999.5254407,0,0.0,56067.07372336596,0.26873182852954736
1074,2921900480.269912,0,0.0,187545.47536297943,0.4199506352346997
1075,193996472.79237902,0,0.0,15314.812073248164,0.04194314556461218
1076,2212524799.417465,0,0.0,39803.48339995097,0.24101525820995173
1077,357850076.5344697,0,0.0,7813.924606912481,0.03381351104285376
1078,1266216845.671939,0,0.0,83461.4552032714,0.16748900416921012
1079,3424481277.5499287,0,0.0,39416.72882477986,0.2371469725312814
1080,239427333.1426167,0,0.0,6553.441010034995,0.026443530572427744
1081,170887738.87098843,0,0.0,13082.935511961863,0.02231039229514233
1082,2583127755.732971,0,0.0,41448.40520074177,0.24183849785518102
1083,2895021811.963605,0,0.0,40104.88382279473,0.24141111714478997
1084,486478498.38935447,0,0.0,24173.497152791588,0.04940206776719625
1085,2379351037.2795763,0,0.0,127939.90937789131,0.43929240722784574
1086,1179342569.301576,0,0.0,26996.18857582208,0.1417625879113459
1087,2609359344.495118,0,0.0,42360.18433983707,0.2451280615976546
1088,257557868.01520902,0,0.0,11265.509068073055,0.01752265220350885
1089,735751162.3908062,0,0.0,54747.955244353376,0.07470350688020137
1090,510519855.2883103,0,0.0,37634.69106685632,0.059982099955883564
1091,3093159616.4816046,0,0.0,63800.23761011333,0.30467677964320594
1092,1238729839.9123702,0,0.0,70363.16667635267,0.11287281054632806
1093,606239726.513073,0,0.0,40417.56305382923,0.07299032299118932
1094,3342722570.389847,0,0.0,56116.955393859185,0.2662824661828723
1095,127827836.21196714,0,0.0,8916.970230428464,0.01374455051962532
1096,3002898503.9727063,0,0.0,39424.71005731966,0.23722842884253242
1097,3776168874.6676664,0,0.0,40622.854582214495,0.24278648165677574
1098,379981070.0171522,0,0.0,22448.68122943172,0.03957393528029892
1099,435798197.89672875,0,0.0,33874.44368991129,0.043981500011396696
1100,315376945.6119392,0,0.0,18555.727821066168,0.03483532089431868
1101,1245911043.257836,0,0.0,59824.19069758912,0.21450947996270683
1102,3241769462.5946302,0,0.0,164317.73838478437,0.4876479742351332
1103,2554160916.1699634,0,0.0,139242.5449888943,0.4601002140420126
1104,2302806542.8210373,0,0.0,36856.51688467429,0.21634995635817958
1105,343419307.66457707,0,0.0,9640.542766881426,0.025123588985878458
1106,801925444.7883947,0,0.0,36636.506665639994,0.09530620996838601
1107,4290750510.1342473,0,0.0,163450.63590634643,0.633658920753412
1108,165069224.88945082,0,0.0,11909.502612400785,0.02501682210641533
1109,167453963.59478623,0,0.0,10461.230197413344,0.021112030567768437
1110,954817972.8275633,0,0.0,47011.58316521901,0.07648216332527771
1111,280192654.49235284,0,0.0,15481.576437962183,0.03626090860897961
1112,295967756.5435748,0,0.0,20481.602389009953,0.02968976597466054
1113,2172858580.3074737,0,0.0,42701.11473916932,0.20993425263134124
1114,2605823959.2127566,0,0.0,148446.96874691529,0.2586719225430275
1115,440881901.62309575,0,0.0,32487.509286557084,0.045814514078908845
1116,2372121615.1980324,0,0.0,39139.889435343146,0.23423056431597167
1117,2900600996.737044,0,0.0,39374.28978292283,0.23671439948227835
1118,2902376554.9234843,0,0.0,43678.85230099202,0.24248944877775744
1119,288303120.0282178,0,0.0,13334.882942805889,0.030098179446633073
1120,4269292190.015761,0,0.0,101144.0380848669,0.4237625489859775
1121,324155133.1955809,0,0.0,19314.90234296347,0.05921846554664618
1122,582208126.3686186,0,0.0,34378.46271527246,0.05473390915754123
1123,1760889066.6091278,0,0.0,116292.7558393183,0.19723931797075508
1124,530391417.8221603,0,0.0,31416.44061421634,0.05325689141527362
1125,3273659554.3149657,0,0.0,42202.836235611234,0.24519674112498524
1126,415304141.8757555,0,0.0,20479.791606128354,0.03853267987544175
1127,2439549169.919144,0,0.0,35915.73214507296,0.21067662739469123
1128,3263751752.502191,0,0.0,43056.30433121501,0.24135282261912044
1129,2935540216.7350945,0,0.0,44062.977280779975,0.24592131996780334
1130,1387866495.6956074,0,0.0,80925.56178462897,0.1245821521864606
1131,429259649.15856457,0,0.0,15009.450406897871,0.02933393896812877
1132,2544806677.6424513,0,0.0,39517.287396159794,0.2371220534732086
1133,2371121030.6723795,0,0.0,128496.31722364805,0.44575333076906226
1134,3512198296.991008,0,0.0,56232.105947827935,0.2669984806463447
1135,282951807.0659802,0,0.0,19819.014419372485,0.0324387801779424
1136,198231373.8280541,0,0.0,13529.135781785018,0.024079739967674353
1137,1075547636.6476893,0,0.0,68323.08156125153,0.10189677824046767
1138,3109114895.6643662,0,0.0,42464.577373312,0.24662805900742021
1139,3847738880.6427736,0,0.0,178211.84359723626,0.6689441531066042
1140,2298872347.5789776,0,0.0,132694.3212464598,0.45663414492346877
1141,3269165788.6938124,0,0.0,97253.06119133873,0.3207083940933248
1142,2921886727.5775695,0,0.0,39594.85060873918,0.23890669799642542
1143,3093069688.4181776,0,0.0,39799.804925047734,0.23989924452012523
1144,3395239681.2864866,0,0.0,61908.771160336284,0.26869871035525766
1145,988162274.0193052,0,0.0,70475.6486911338,0.10943810399022638
1146,2086276893.009147,0,0.0,28766.549189025078,0.16325493957461457
1147,400661122.44480586,0,0.0,30778.31240218298,0.04838388845131822
1148,545153556.3109798,0,0.0,30045.66874006278,0.11229259276614785
1149,1558331368.1198559,0,0.0,77903.87927761357,0.15565314057235963
1150,1497349576.5554023,0,0.0,86341.5724852918,0.3083628959369151
1151,775855395.9513783,0,0.0,45569.84393837294,0.1535067735967887
1152,741556410.1526039,0,0.0,46244.53357034843,0.07270589872407843
1153,187227749.82971343,0,0.0,10354.390096110834,0.02031637661374729
1154,2374921707.36527,0,0.0,129706.2916503518,0.44153093716505365
1155,1367014178.084144,0,0.0,88554.24579062742,0.1683661966060867
1156,3500725620.898229,0,0.0,150741.22797569673,0.5803021123190806
1157,1856259195.929921,0,0.0,126340.90951736766,0.43627287235202283
1158,935485266.4057235,0,0.0,72198.28028620429,0.11186408381825927
1159,3081553264.046065,0,0.0,39588.098373170375,0.2388392724703227
1160,2537720426.194078,0,0.0,49515.90512668737,0.2564401544501345
1161,2337905610.9384117,0,0.0,39475.41930242611,0.23773217644856778
1162,5764359032.470406,0,0.0,165739.56608770855,0.6572106763506578
1163,117712357.70067182,0,0.0,7341.854061671682,0.015356146684701106
1164,3229876324.7399344,0,0.0,48422.19764516482,0.2533074754559029
1165,3090249767.955568,0,0.0,40123.18765976179,0.24071195615617139
1166,2542795575.1975923,0,0.0,39396.61829556574,0.23694172484316317
1167,235622701.4437018,0,0.0,19974.28645552121,0.029052747780832652
1168,2320071302.4707737,0,0.0,145390.93554230052,0.4683825756295226
1169,1969388856.1307847,0,0.0,133880.0370895852,0.4460599140126727
1170,985903108.9154909,0,0.0,71097.617533754,0.11772797507041696
1171,752826550.8785216,0,0.0,61901.22632968296,0.1955238889590732
1172,3516973249.2420626,0,0.0,39376.83214814439,0.23674034669755178
1173,334990449.5800139,0,0.0,21824.814409096332,0.04531956916893536
1174,2486269536.06794,0,0.0,149074.3211765714,0.48021664237122547
1175,2615916303.345908,0,0.0,134090.24295543527,0.47258122235187466
1176,386835465.8464821,0,0.0,13607.871980205427,0.03500466937410571
1177,326637747.2632556,0,0.0,20519.967926020257,0.04471737316886067
1178,749765299.5891955,0,0.0,63572.09035910464,0.08542455785036038
1179,2458427075.327709,0,0.0,133253.91428632208,0.4557486038309333
1180,938126656.6284949,0,0.0,71989.03782934524,0.11320037517731561
1181,3759000165.402605,0,0.0,79442.42727351554,0.3565943149213274
1182,809861699.3841498,0,0.0,65476.32808659138,0.14070003362728012
1183,1091277966.84031,0,0.0,57941.1259964875,0.21976836023038784
1184,3203975910.3523464,0,0.0,39331.97916880991,0.23628075129895476
1185,410330706.5759411,0,0.0,26689.38590801746,0.07454744904846422
1186,317633148.15151715,0,0.0,15665.206137686822,0.06239061581651621
1187,3132894148.808112,0,0.0,97122.70508751148,0.25874215812879237
1188,4754154749.260453,0,0.0,107710.64857512547,0.4800561014200594
1189,246768681.56663495,0,0.0,16046.358371824244,0.033354070982888305
1190,1548898370.1639187,0,0.0,38168.671143382824,0.122298813329345
1191,2846184172.2703915,0,0.0,48522.7702411425,0.24804531246449363
1192,2340811327.103709,0,0.0,37106.05620663528,0.1900658708204994
1193,2608678373.0063686,0,0.0,68320.28684880315,0.28761008645528097
1194,1185128879.0793004,0,0.0,50986.84362439636,0.1111129164168364
1195,733906469.4526315,0,0.0,60288.862600352586,0.09911678644862723
1196,366158992.79949296,0,0.0,4703.108401117927,0.028603334778130464
1197,2274127977.647232,0,0.0,29045.110028378396,0.17793793872702846
1198,3145971264.9575458,0,0.0,45991.314142346964,0.24167322401519029
1199,270806976.76858175,0,0.0,12889.30462687208,0.045029845442469824
1200,981911689.7933717,102391648,205800000.0,0.0,0.879386986383451
1201,33578851.092451796,102391648,205800000.0,0.0,0.0322955604809732
1202,388795074.21420515,102391648,205800000.0,0.0,0.21324796757733275
1203,87311461.65306738,102391648,205800000.0,0.0,0.0664911783199192
1204,132540044.22579418,102391648,205800000.0,0.0,0.14944368007717762
1205,48040271.68233274,102391648,205800000.0,0.0,0.03637027844678133
1206,37806990.0131675,102391648,205800000.0,0.0,0.026741938764199197
1207,77585302.15920445,102391648,205800000.0,0.0,0.0773722902820568
1208,344673039.0806359,102391648,205800000.0,0.0,0.29231070324111097
1209,41089477.89857766,102391648,205800000.0,0.0,0.02901947204068902
1210,171176781.05084094,102391648,205800000.0,0.0,0.14260505287455866
1211,418427461.530146,102391648,205800000.0,0.0,0.2767966520796484
1212,2849759673.6672277,102391648,205800000.0,0.0,1.6948483354115065
1213,1560690639.8083713,102391648,205800000.0,0.0,0.8705375902332725
1214,56759373.35111153,102391648,205800000.0,0.0,0.03950451581285873
1215,29637882.350645356,102391648,205800000.0,0.0,0.03209275869220757
1216,36952624.23619866,102391648,205800000.0,0.0,0.030841216743960273
1217,392397504.91497433,102391648,205800000.0,0.0,0.29196744284800535
1218,250625437.0534693,102391648,205800000.0,0.0,0.18796424278451554
1219,44136135.70065308,102391648,205800000.0,0.0,0.04337696731213077
1220,315972731.69799423,102391648,205800000.0,0.0,0.17151446422578429
1221,214416073.67567247,102391648,205800000.0,0.0,0.1841541776166823
1222,2713822140.0359917,102391648,205800000.0,0.0,1.69181870216116
1223,70240044.08252607,102391648,205800000.0,0.0,0.07001969795963055
1224,33790199.03835131,102391648,205800000.0,0.0,0.0316362107609299
1225,140448085.96927553,102391648,205800000.0,0.0,0.1062049959066916
1226,197074110.61093864,102391648,205800000.0,0.0,0.16414854648495017
1227,2715884083.2565594,102391648,205800000.0,0.0,1.6934877570491946
1228,1159991629.3373568,102391648,205800000.0,0.0,0.8973728110672181
1229,12602030.425327187,102391648,205800000.0,0.0,0.01457938731466497
1230,550705636.6879706,102391648,205800000.0,0.0,0.3696678054970416
1231,302588152.56916326,102391648,205800000.0,0.0,0.2873726008772164
1232,20469925.888061002,102391648,205800000.0,0.0,0.02348699488366175
1233,371530904.34705716,102391648,205800000.0,0.0,0.25135220491588794
1234,65508685.80879652,102391648,205800000.0,0.0,0.07757677114504628
1235,567704206.1862732,102391648,205800000.0,0.0,0.3701045583494828
1236,912573462.9460613,102391648,205800000.0,0.0,0.8537317332666753
1237,2552876592.3465843,102391648,205800000.0,0.0,1.7139589558615964
1238,117171579.4958599,102391648,205800000.0,0.0,0.11125370311198123
1239,82645830.03794506,102391648,205800000.0,0.0,0.05814889441691464
1240,98786489.36667505,102391648,205800000.0,0.0,0.06907785706422818
1241,933469749.7525345,102391648,205800000.0,0.0,0.8834866092917127
1242,2990394086.192211,102391648,205800000.0,0.0,1.6942953314148599
1243,1018987914.3393862,102391648,205800000.0,0.0,0.8611550033793466
1244,33584398.61961353,102391648,205800000.0,0.0,0.04289981757443351
1245,119644759.96383443,102391648,205800000.0,0.0,0.07492920896692862
1246,756195960.4972649,102391648,205800000.0,0.0,0.6200197117072151
1247,213516781.22920564,102391648,205800000.0,0.0,0.10531563288084674
1248,52814827.22442039,102391648,205800000.0,0.0,0.04522738709573507
1249,2848477076.9629416,102391648,205800000.0,0.0,1.6938567064101315
1250,2660265941.34087,102391648,205800000.0,0.0,1.6930399436210275
1251,2109285770.3120222,102391648,205800000.0,0.0,1.899587065797074
1252,145553311.84377393,102391648,205800000.0,0.0,0.11900302411216378
1253,379755613.5022042,102391648,205800000.0,0.0,0.341481159776494
1254,2904459089.554536,102391648,205800000.0,0.0,1.7129373395129763
1255,25790599.867842067,102391648,205800000.0,0.0,0.019223712685695896
1256,408674576.4265154,102391648,205800000.0,0.0,0.2769511087193016
1257,93923912.8233177,102391648,205800000.0,0.0,0.11128480857612372
1258,27590747.086364873,102391648,205800000.0,0.0,0.029066383643776852
1259,2621864570.8779874,102391648,205800000.0,0.0,1.4855223323862798
1260,103494419.13489218,102391648,205800000.0,0.0,0.10587439328273336
1261,303634236.7476593,102391648,205800000.0,0.0,0.27887516621760816
1262,89546253.97634359,102391648,205800000.0,0.0,0.05020830809275846
1263,2264900245.498805,102391648,205800000.0,0.0,1.7039078507410532
1264,309671500.25629115,102391648,205800000.0,0.0,0.2895811945451886
1265,198702494.3987872,102391648,205800000.0,0.0,0.14738997537330378
1266,171161129.3750769,102391648,205800000.0,0.0,0.14883730436195217
1267,108372187.02461186,102391648,205800000.0,0.0,0.12351062030049378
1268,2313637067.7248135,102391648,205800000.0,0.0,1.7576379579203745
1269,181627337.57606274,102391648,205800000.0,0.0,0.13195229628076277
1270,76502705.32285878,102391648,205800000.0,0.0,0.058382020347646196
1271,185601817.8485715,102391648,205800000.0,0.0,0.16142960937649112
1272,657400560.8841337,102391648,205800000.0,0.0,0.554932335448198
1273,71477706.5389097,102391648,205800000.0,0.0,0.04875383904544364
1274,60322031.77031684,102391648,205800000.0,0.0,0.06828344485015622
1275,645551535.7771804,102391648,205800000.0,0.0,0.6614520555024906
1276,117878548.61860698,102391648,205800000.0,0.0,0.07679202512854416
1277,66706108.09575372,102391648,205800000.0,0.0,0.04515663188526626
1278,129299643.60553807,102391648,205800000.0,0.0,0.09278457554178123
1279,1034878769.4341198,102391648,205800000.0,0.0,0.8815384572622411
1280,52022897.77998589,102391648,205800000.0,0.0,0.04641846121152425
1281,1821328681.5733495,102391648,205800000.0,0.0,1.1983498351647053
1282,2670958214.202951,102391648,205800000.0,0.0,1.6994760791152386
1283,61387834.66569654,102391648,205800000.0,0.0,0.04715197587775678
1284,55506027.04179722,102391648,205800000.0,0.0,0.05169891183773535
1285,9837162.082009403,102391648,205800000.0,0.0,0.010864665675516506
1286,41633666.22981194,102391648,205800000.0,0.0,0.025888625133567038
1287,143408442.9538922,102391648,205800000.0,0.0,0.14870908804500843
1288,2120987258.8695166,102391648,205800000.0,0.0,1.5056283229184402
1289,86504587.67183332,102391648,205800000.0,0.0,0.04510992508135098
1290,1935480268.7800353,102391648,205800000.0,0.0,1.692926131046905
1291,83171036.21455878,102391648,205800000.0,0.0,0.05339606897746375
1292,146379072.1259092,102391648,205800000.0,0.0,0.09396492525717072
1293,2397393278.3801994,102391648,205800000.0,0.0,1.6942357042265828
1294,288180200.8080625,102391648,205800000.0,0.0,0.2504460760198327
1295,92729802.41954088,102391648,205800000.0,0.0,0.04708736727387221
1296,149659574.84903014,102391648,205800000.0,0.0,0.10040697906367699
1297,2715199639.1553106,102391648,205800000.0,0.0,1.6929337288095314
1298,51419429.140534796,102391648,205800000.0,0.0,0.06630706379648474
1299,82503020.08519739,102391648,205800000.0,0.0,0.049418740552938656
1300,312678746.37569696,102391648,205800000.0,0.0,0.31925394189274425
1301,946629197.3201143,102391648,205800000.0,0.0,0.8738376682708004
1302,14258334.112626424,102391648,205800000.0,0.0,0.008496255005045921
1303,87521065.579777,102391648,205800000.0,0.0,0.1056469587051733
1304,68829995.42207041,102391648,205800000.0,0.0,0.04715197587775678
1305,108661271.1889476,102391648,205800000.0,0.0,0.06868848569386715
1306,2857734739.1471972,102391648,205800000.0,0.0,1.7012285193074073
1307,185021143.56436962,102391648,205800000.0,0.0,0.12260735649402604
1308,74975102.95032246,102391648,205800000.0,0.0,0.054713487070719366
1309,4186369657.100881,102391648,205800000.0,0.0,2.28321225319573
1310,757682338.2053001,102391648,205800000.0,0.0,0.4947697430086216
1311,590719969.5433792,102391648,205800000.0,0.0,0.36887424553979803
1312,6808775.491287442,102391648,205800000.0,0.0,0.0066402695166552055
1313,631863876.4894007,102391648,205800000.0,0.0,0.6406854032296233
1314,21036816.905943837,102391648,205800000.0,0.0,0.016629544018272033
1315,47379269.828639,102391648,205800000.0,0.0,0.05558757960260499
1316,80008031.91207129,102391648,205800000.0,0.0,0.10960695822838536
1317,135328580.41493276,102391648,205800000.0,0.0,0.09896176534978376
1318,200308437.8990569,102391648,205800000.0,0.0,0.18413348409725402
1319,2990379971.206606,102391648,205800000.0,0.0,1.6942849509531912
1320,19608025.89230736,102391648,205800000.0,0.0,0.02428265886726206
1321,497660816.89422745,102391648,205800000.0,0.0,0.2822332196813152
1322,42729062.77302475,102391648,205800000.0,0.0,0.03678521031516298
1323,695436345.4417955,102391648,205800000.0,0.0,0.48938190174137136
1324,27320762.534571655,102391648,205800000.0,0.0,0.019810019884289508
1325,279335320.3847882,102391648,205800000.0,0.0,0.23861486848147256
1326,25404645.101975694,102391648,205800000.0,0.0,0.02409920461038203
1327,2233091780.9871783,102391648,205800000.0,0.0,1.7900964269493664
1328,166352962.63775933,102391648,205800000.0,0.0,0.09492829458096913
1329,107060888.76019262,102391648,205800000.0,0.0,0.10572688125304841
1330,2793964610.6772437,102391648,205800000.0,0.0,1.791954932013133
1331,270661906.6368785,102391648,205800000.0,0.0,0.1858006052968294
1332,826708093.6072665,102391648,205800000.0,0.0,0.8706350626898376
1333,115699644.89771172,102391648,205800000.0,0.0,0.08419742008403974
1334,2268432508.1807714,102391648,205800000.0,0.0,1.7077667107712127
1335,88649297.95382802,102391648,205800000.0,0.0,0.05693783295704624
1336,24540119.395027492,102391648,205800000.0,0.0,0.028303371079686758
1337,2124666826.5161562,102391648,205800000.0,0.0,1.695044167746624
1338,10097564.269674886,102391648,205800000.0,0.0,0.008156445815768621
1339,203476941.82712966,102391648,205800000.0,0.0,0.13167410584104405
1340,59916955.193111725,102391648,205800000.0,0.0,0.03173757138716611
1341,11827949.242337871,102391648,205800000.0,0.0,0.011028054207143397
1342,23381578.424065456,102391648,205800000.0,0.0,0.017704833828796226
1343,34272565.90073381,102391648,205800000.0,0.0,0.02729910486959001
1344,92420442.04914626,102391648,205800000.0,0.0,0.06572860014903129
1345,240068155.29790938,102391648,205800000.0,0.0,0.15344327068175528
1346,995450297.320999,102391648,205800000.0,0.0,0.8706829112023056
1347,46179233.4214931,102391648,205800000.0,0.0,0.04191760725822962
1348,2714883917.613306,102391648,205800000.0,0.0,1.6926781657185193
1349,567123330.3107032,102391648,205800000.0,0.0,0.5767424553795975
1350,779873119.1467465,102391648,205800000.0,0.0,0.6646100691071837
1351,100713857.75821632,102391648,205800000.0,0.0,0.10507351479144242
1352,299225786.80897105,102391648,205800000.0,0.0,0.1897716996444626
1353,131492190.43322968,102391648,205800000.0,0.0,0.13926635071728444
1354,68723692.25360791,102391648,205800000.0,0.0,0.08336824454857367
1355,11974444.52742826,102391648,205800000.0,0.0,0.011185837734999093
1356,123354864.83820662,102391648,205800000.0,0.0,0.08648821465755895
1357,47192159.81745097,102391648,205800000.0,0.0,0.04068949353549131
1358,37975352.767837614,102391648,205800000.0,0.0,0.033544779978506106
1359,699906251.2298177,102391648,205800000.0,0.0,0.5981107385345552
1360,219917049.10586467,102391648,205800000.0,0.0,0.1487590340549957
1361,145486130.2764284,102391648,205800000.0,0.0,0.08858077973506866
1362,64207814.335625045,102391648,205800000.0,0.0,0.03784346313330228
1363,111755211.44119838,102391648,205800000.0,0.0,0.07861934924455322
1364,2199478160.7857633,102391648,205800000.0,0.0,1.6927616163033106
1365,108968782.36868523,102391648,205800000.0,0.0,0.05150859015768289
1366,1171826105.1122544,102391648,205800000.0,0.0,0.8717759759020955
1367,100021339.3847961,102391648,205800000.0,0.0,0.04738971600149783
1368,82666378.00911981,102391648,205800000.0,0.0,0.03624712522072982
1369,331704603.6565882,102391648,205800000.0,0.0,0.19505724424659937
1370,215726089.75937,102391648,205800000.0,0.0,0.22001343755052144
1371,25049837.896800265,102391648,205800000.0,0.0,0.0242234450891494
1372,398113307.1778542,102391648,205800000.0,0.0,0.2897495514157197
1373,2625252214.5294924,102391648,205800000.0,0.0,1.7257277952179302
1374,277824237.79221857,102391648,205800000.0,0.0,0.23664698355803646
1375,47190477.32974474,102391648,205800000.0,0.0,0.04080630951978119
1376,1937104949.7095034,102391648,205800000.0,0.0,1.6947722821937636
1377,39472186.4097702,102391648,205800000.0,0.0,0.04164774342150233
1378,26194570.694121405,102391648,205800000.0,0.0,0.024093595183886405
1379,3035186525.804163,102391648,205800000.0,0.0,1.6934850501789656
1380,49766887.889478266,102391648,205800000.0,0.0,0.05997287825331315
1381,169072216.63195407,102391648,205800000.0,0.0,0.1829553861280948
1382,2296563299.736644,102391648,205800000.0,0.0,1.7364253049981926
1383,2534948662.303046,102391648,205800000.0,0.0,1.6970954561936027
1384,265864385.3091821,102391648,205800000.0,0.0,0.2379004659497425
1385,15954390.455611384,102391648,205800000.0,0.0,0.014650407627503647
1386,104315136.0040895,102391648,205800000.0,0.0,0.1272576494412023
1387,926857798.4613345,102391648,205800000.0,0.0,0.7105992720095096
1388,81210296.69106646,102391648,205800000.0,0.0,0.03833228872583159
1389,582557294.927152,102391648,205800000.0,0.0,0.5042416028579453
1390,503209962.04165566,102391648,205800000.0,0.0,0.48941198115553725
1391,361052335.282657,102391648,205800000.0,0.0,0.3437287566754619
1392,1071180653.7532508,102391648,205800000.0,0.0,0.7801383912122679
1393,477969828.8103882,102391648,205800000.0,0.0,0.49618239129220776
1394,646468910.0281794,102391648,205800000.0,0.0,0.5163670465953079
1395,69805217.9743063,102391648,205800000.0,0.0,0.05345496106253797
1396,2660832818.2149186,102391648,205800000.0,0.0,1.69350830422533
1397,3309286504.521764,102391648,205800000.0,0.0,1.693942471420662
1398,264884400.60071796,102391648,205800000.0,0.0,0.2449853386283985
1399,165324824.42187998,102391648,205800000.0,0.0,0.133312178143637
1400,277402637.46841425,102391648,205800000.0,0.0,0.23610722202214363
1401,87703777.87627779,102391648,205800000.0,0.0,0.07793783129561646
1402,659671729.4230759,102391648,205800000.0,0.0,0.4941265679133144
1403,169861122.51059306,102391648,205800000.0,0.0,0.147011367101848
1404,81453388.43653253,102391648,205800000.0,0.0,0.06241408105607692
1405,90159859.40220624,102391648,205800000.0,0.0,0.0676326492115404
1406,290164821.93431336,102391648,205800000.0,0.0,0.3329655719752893
1407,2256665621.265571,102391648,205800000.0,0.0,1.6948389595077125
1408,93640227.53868376,102391648,205800000.0,0.0,0.12846661704818346
1409,87593986.68272379,102391648,205800000.0,0.0,0.10579789107844395
1410,551844895.3471628,102391648,205800000.0,0.0,0.38162877869712164
1411,36375351.81717941,102391648,205800000.0,0.0,0.041488519473177894
1412,44091929.47968125,102391648,205800000.0,0.0,0.027159264532195075
1413,147760287.28275543,102391648,205800000.0,0.0,0.09747213830762662
1414,600533726.065199,102391648,205800000.0,0.0,0.5289921761293239
1415,314456376.8192192,102391648,205800000.0,0.0,0.2828061586757074
1416,340627519.5696483,102391648,205800000.0,0.0,0.36511008151637386
1417,2574439603.4724426,102391648,205800000.0,0.0,1.6933617149526108
1418,69236249.29765859,102391648,205800000.0,0.0,0.05101984805526624
1419,77628190.97418727,102391648,205800000.0,0.0,0.07745725329965683
1420,2847533065.490633,102391648,205800000.0,0.0,1.6931280168115415
1421,85829557.57412599,102391648,205800000.0,0.0,0.08387622334576464
1422,430311723.27704084,102391648,205800000.0,0.0,0.33812721344189967
1423,34645206.78189342,102391648,205800000.0,0.0,0.03374407800405431
1424,330667175.20352584,102391648,205800000.0,0.0,0.2843636766637805
1425,2853716691.706193,102391648,205800000.0,0.0,1.6973326767358443
1426,290734002.1145654,102391648,205800000.0,0.0,0.2355820961985359
1427,123762352.2194129,102391648,205800000.0,0.0,0.1190079471057393
1428,2892771291.7901235,102391648,205800000.0,0.0,1.7221893181944932
1429,1130281619.0000124,102391648,205800000.0,0.0,0.9247079050394861
1430,1179849087.8095567,102391648,205800000.0,0.0,0.8865255176252295
1431,134257605.07019177,102391648,205800000.0,0.0,0.07458489861779587
1432,165083425.32870564,102391648,205800000.0,0.0,0.11704687983877707
1433,67077975.24891318,102391648,205800000.0,0.0,0.037643223486598106
1434,1173998613.5092063,102391648,205800000.0,0.0,0.7924534025477121
1435,78088048.45875736,102391648,205800000.0,0.0,0.07836823392644057
1436,143679471.02735645,102391648,205800000.0,0.0,0.14822810107743942
1437,883183451.0910351,102391648,205800000.0,0.0,0.7000340090600581
1438,175754828.5471151,102391648,205800000.0,0.0,0.11007703543885122
1439,255697300.13658378,102391648,205800000.0,0.0,0.2570426287125433
1440,59969971.252540246,102391648,205800000.0,0.0,0.05923701049254483
1441,1593376715.552569,102391648,205800000.0,0.0,1.4016764587156212
1442,2575198473.659154,102391648,205800000.0,0.0,1.6940097000680048
1443,223610477.3531338,102391648,205800000.0,0.0,0.12375525622762505
1444,1137489931.6865153,102391648,205800000.0,0.0,0.9254853227280901
1445,800639950.1446836,102391648,205800000.0,0.0,0.6696899030109777
1446,97890310.95511952,102391648,205800000.0,0.0,0.062225426688984765
1447,234158796.30379784,102391648,205800000.0,0.0,0.23861486848147256
1448,13294968.496199992,102391648,205800000.0,0.0,0.010200284668541186
1449,978356440.8108332,102391648,205800000.0,0.0,0.8715503345625504
1450,66205588.44900669,102391648,205800000.0,0.0,0.0546900750275022
1451,85650294.47076139,102391648,205800000.0,0.0,0.0640403136901481
1452,601289739.4543194,102391648,205800000.0,0.0,0.4934001275787943
1453,75753597.0155236,102391648,205800000.0,0.0,0.04565686636871416
1454,140696018.31049353,102391648,205800000.0,0.0,0.08006261928608294
1455,2229770.302156022,102391648,205800000.0,0.0,0.0019857897807337025
1456,107905486.3175519,102391648,205800000.0,0.0,0.09201236459292111
1457,13272677.0340356,102391648,205800000.0,0.0,0.010219650351423346
1458,871865168.9755077,102391648,205800000.0,0.0,0.8723920875901795
1459,1399963232.777482,102391648,205800000.0,0.0,0.8698214687699288
1460,1817113438.7244425,102391648,205800000.0,0.0,1.4926172014066228
1461,103745181.61090672,102391648,205800000.0,0.0,0.11072742165803134
1462,85280895.65356278,102391648,205800000.0,0.0,0.0630229341253246
1463,40097408.98949997,102391648,205800000.0,0.0,0.02997823555980983
1464,2720835053.3948536,102391648,205800000.0,0.0,1.8879273033328303
1465,103700674.75651899,102391648,205800000.0,0.0,0.06894835660476493
1466,2255218147.453739,102391648,205800000.0,0.0,1.6934264563243908
1467,131249684.19787928,102391648,205800000.0,0.0,0.07569317670707068
1468,34048699.88366545,102391648,205800000.0,0.0,0.03017212597561352
1469,94239279.60615912,102391648,205800000.0,0.0,0.10342153380998476
1470,781014153.0609682,102391648,205800000.0,0.0,0.7908558583672538
1471,83600974.27842087,102391648,205800000.0,0.0,0.053913377954339446
1472,3121242410.9774065,102391648,205800000.0,0.0,1.693369022267667
1473,116496271.45228098,102391648,205800000.0,0.0,0.07929501974253082
1474,246277183.70131043,102391648,205800000.0,0.0,0.23607241008023788
1475,30368355.09628388,102391648,205800000.0,0.0,0.027827582382839874
1476,78374994.14508256,102391648,205800000.0,0.0,0.041901788195692256
1477,10525731.102995194,102391648,205800000.0,0.0,0.008957307938535154
1478,253936812.79730067,102391648,205800000.0,0.0,0.24378318434605914
1479,122908092.36828643,102391648,205800000.0,0.0,0.10758945239767202
1480,879140915.9876225,102391648,205800000.0,0.0,0.8845620310259121
1481,2376029722.655869,102391648,205800000.0,0.0,1.680062157457674
1482,72110136.19026788,102391648,205800000.0,0.0,0.052644199841785366
1483,70611246.31339265,102391648,205800000.0,0.0,0.05129772654744016
1484,122009363.12619412,102391648,205800000.0,0.0,0.08097169315176286
1485,91120521.07683858,102391648,205800000.0,0.0,0.06217125958792778
1486,11706524.29160644,102391648,205800000.0,0.0,0.011310706225508843
1487,1170033324.1141372,102391648,205800000.0,0.0,0.8803216246237949
1488,3100502379.5864124,102391648,205800000.0,0.0,1.7658960341483714
1489,94007316.51428011,102391648,205800000.0,0.0,0.054387262450562995
1490,172641098.3584695,102391648,205800000.0,0.0,0.08748977577394393
1491,726247077.1383798,102391648,205800000.0,0.0,0.5232755331356362
1492,401557636.7232524,102391648,205800000.0,0.0,0.35393047676114625
1493,109032392.86845742,102391648,205800000.0,0.0,0.07935884989541482
1494,314474990.8895435,102391648,205800000.0,0.0,0.2653286667168258
1495,20739124.502011605,102391648,205800000.0,0.0,0.01753996762723163
1496,8816252.681826357,102391648,205800000.0,0.0,0.005198967857004552
1497,105356688.09735554,102391648,205800000.0,0.0,0.08720300729806306
1498,185407357.1766142,102391648,205800000.0,0.0,0.1084296617504395
1499,45417483.45844498,102391648,205800000.0,0.0,0.042815465629251016
